{
  "data_hashes": {
    "analytic": "E7599DF2485A06FD9BEA9A28447413B13EBC0CEE0CA617D0F7C8C6E5F23D50E9",
    "insight": "1B80E31ED457F26C22FBDDAF67454DE951B5B013806009C1B5E72A4C996DEBE3"
  },
  "params": {
    "baseline_window": [
      -3.0,
      -1.0
    ],
    "mode": "synthetic",
    "n_channels": 64,
    "plv_freq_band": [
      30.0,
      50.0
    ],
    "post_window": [
      0.0,
      1.0
    ],
    "pre_window": [
      -1.0,
      0.0
    ],
    "seed": 42,
    "sfreq": 250.0,
    "solution_time_sec": 3.0
  },
  "platform": "Windows-10-10.0.26100-SP0",
  "python": "3.11.6",
  "results": {
    "overall_pass": false,
    "test1a_insight_spike": {
      "cohens_d": 73.53362078853816,
      "p_value": 9.999000099990002e-05,
      "pass": true,
      "permutation_result": {
        "mean_a": 0.46617317823438637,
        "mean_b": 0.1827694588253938,
        "n_a": 30,
        "n_b": 30,
        "n_permutations": 10000,
        "observed_diff": 0.28340371940899256,
        "p_value": 9.999000099990002e-05,
        "std_a": 0.005017224449683643,
        "std_b": 0.0021295937252977914
      },
      "plv_post_mean": 0.46617317823438637,
      "plv_pre_mean": 0.1827694588253938
    },
    "test1b_analytic_no_spike": {
      "cohens_d": 25.592778571441862,
      "p_value": 9.999000099990002e-05,
      "pass": false,
      "permutation_result": {
        "mean_a": 0.29158209796743856,
        "mean_b": 0.1798310156185713,
        "n_a": 30,
        "n_b": 30,
        "n_permutations": 10000,
        "observed_diff": 0.11175108234886727,
        "p_value": 9.999000099990002e-05,
        "std_a": 0.005801391289336987,
        "std_b": 0.0021158095716018403
      },
      "plv_post_mean": 0.29158209796743856,
      "plv_pre_mean": 0.1798310156185713
    },
    "test1c_insight_vs_analytic_delta": {
      "cohens_d": 29.09306497022336,
      "p_value": 9.999000099990002e-05,
      "pass": true,
      "permutation_result": {
        "mean_a": 0.2834037194089925,
        "mean_b": 0.11175108234886734,
        "n_a": 30,
        "n_b": 30,
        "n_permutations": 10000,
        "observed_diff": 0.17165263706012518,
        "p_value": 9.999000099990002e-05,
        "std_a": 0.006251051136598679,
        "std_b": 0.005526955986074743
      }
    }
  },
  "test": "task1_eureka",
  "timestamp_utc": "20260517_165631"
}
