{"construction":"FIXED_RESIDENT_REVERSIBLE_TORUS_DEVELOPMENT","controls":{"omitted_inverse_error":1.550792184306022,"passed":true,"removed_transform_latch_delta":1.7320508075688772,"scrambled_geometry_latch_delta":1.7320508075688772,"steps":64,"wrong_program_inverse_error":1.562139537719375},"engine_fingerprint":"398ac840cd9c6e51cc657d74e702566b26787480cd3975d165124c8d989505da","fixed_carrier_cells":310,"maximum_restoration_error":2.237726045655905e-16,"maximum_steps":4096,"minimum_layer_compression":17.0,"no_hardcoded_step_limit":true,"records":[{"boundary_count":2074,"boundary_valid":true,"carrier_reused_from_previous_program":false,"compact_dp_count":2074,"compact_dp_ns":232700,"displacement_l2":12.424267830137957,"family":0,"fixed_resident_cells":310,"fixed_to_layered_cell_ratio":0.058823529411764705,"history_factor_count":0,"passed":true,"phase_end_to_end_ns":16885300,"phase_over_compact_dp_wall_ratio":72.56252685861624,"program_fingerprint":"dd9a57e5744afe42d126ede7127a1f370d734ee3c8ea653699ee14a658f34f4c","restoration_max_abs":1.942890293094024e-16,"root_distance_max":2.9893669801409083e-16,"steps":16},{"boundary_count":9604,"boundary_valid":true,"carrier_reused_from_previous_program":true,"compact_dp_count":9604,"compact_dp_ns":667100,"displacement_l2":11.986844143600234,"family":0,"fixed_resident_cells":310,"fixed_to_layered_cell_ratio":0.015384615384615385,"history_factor_count":0,"passed":true,"phase_end_to_end_ns":12223800,"phase_over_compact_dp_wall_ratio":18.32378953680108,"program_fingerprint":"fdaec6bc50a81c218557d29db1c1f758c799052c4e30c3d63b42a4a5da8a9842","restoration_max_abs":1.1443916996305594e-16,"root_distance_max":2.220446049250313e-16,"steps":64},{"boundary_count":3436,"boundary_valid":true,"carrier_reused_from_previous_program":true,"compact_dp_count":3436,"compact_dp_ns":2034400,"displacement_l2":12.456052064688302,"family":0,"fixed_resident_cells":310,"fixed_to_layered_cell_ratio":0.0038910505836575876,"history_factor_count":0,"passed":true,"phase_end_to_end_ns":41688300,"phase_over_compact_dp_wall_ratio":20.491692882422335,"program_fingerprint":"132ea7cf37b1a882566931437e0a47ec46917d3d0e399f57d55960dd5b610ac7","restoration_max_abs":1.3877787807814457e-16,"root_distance_max":2.482534153247273e-16,"steps":256},{"boundary_count":2598,"boundary_valid":true,"carrier_reused_from_previous_program":true,"compact_dp_count":2598,"compact_dp_ns":8459200,"displacement_l2":11.451174947181325,"family":0,"fixed_resident_cells":310,"fixed_to_layered_cell_ratio":0.000975609756097561,"history_factor_count":0,"passed":true,"phase_end_to_end_ns":212739500,"phase_over_compact_dp_wall_ratio":25.14889114809911,"program_fingerprint":"319254901b291c40712a16fbabaf560914be7391aa7296739afc0e331673e5e2","restoration_max_abs":1.5700924586837752e-16,"root_distance_max":3.1401849173675503e-16,"steps":1024},{"boundary_count":2467,"boundary_valid":true,"carrier_reused_from_previous_program":true,"compact_dp_count":2467,"compact_dp_ns":29944700,"displacement_l2":12.881634139567073,"family":0,"fixed_resident_cells":310,"fixed_to_layered_cell_ratio":0.000244081034903588,"history_factor_count":0,"passed":true,"phase_end_to_end_ns":701355500,"phase_over_compact_dp_wall_ratio":23.4216906497644,"program_fingerprint":"a6452483bf4e25c02a205a1a1c3afbaae38192148c6fe3657c0dfb10075d6de9","restoration_max_abs":1.5700924586837752e-16,"root_distance_max":2.2887833992611187e-16,"steps":4096},{"boundary_count":2114,"boundary_valid":true,"carrier_reused_from_previous_program":true,"compact_dp_count":2114,"compact_dp_ns":119900,"displacement_l2":12.29456051848437,"family":1,"fixed_resident_cells":310,"fixed_to_layered_cell_ratio":0.058823529411764705,"history_factor_count":0,"passed":true,"phase_end_to_end_ns":5429700,"phase_over_compact_dp_wall_ratio":45.28523769808174,"program_fingerprint":"e0e79ec231cec4751788b0c5775f145dcc84c8a9a1f7c1a625940aaf3436e6aa","restoration_max_abs":2.237726045655905e-16,"root_distance_max":4.965068306494546e-16,"steps":16},{"boundary_count":3268,"boundary_valid":true,"carrier_reused_from_previous_program":true,"compact_dp_count":3268,"compact_dp_ns":484900,"displacement_l2":13.532220536331636,"family":1,"fixed_resident_cells":310,"fixed_to_layered_cell_ratio":0.015384615384615385,"history_factor_count":0,"passed":true,"phase_end_to_end_ns":9804200,"phase_over_compact_dp_wall_ratio":20.21901422973809,"program_fingerprint":"67c9514deaf0d6ceec28b040c2b5f352f7407cd5e2c52d72d8bed99909a4c4f4","restoration_max_abs":1.2412670766236366e-16,"root_distance_max":2.482534153247273e-16,"steps":64},{"boundary_count":14867,"boundary_valid":true,"carrier_reused_from_previous_program":true,"compact_dp_count":14867,"compact_dp_ns":1969400,"displacement_l2":12.1610647847025,"family":1,"fixed_resident_cells":310,"fixed_to_layered_cell_ratio":0.0038910505836575876,"history_factor_count":0,"passed":true,"phase_end_to_end_ns":38868200,"phase_over_compact_dp_wall_ratio":19.736061744693817,"program_fingerprint":"c2d721d8ec3d2637dbc3198e780bd027809f3243dda91865c89f47317a890b49","restoration_max_abs":1.2412670766236366e-16,"root_distance_max":6.004449063730082e-16,"steps":256},{"boundary_count":7467,"boundary_valid":true,"carrier_reused_from_previous_program":true,"compact_dp_count":7467,"compact_dp_ns":7518800,"displacement_l2":12.044519316505392,"family":1,"fixed_resident_cells":310,"fixed_to_layered_cell_ratio":0.000975609756097561,"history_factor_count":0,"passed":true,"phase_end_to_end_ns":145714200,"phase_over_compact_dp_wall_ratio":19.379980848007662,"program_fingerprint":"c9cbc3f3ac1da2b93e48be9a6a2f75a9425b9f971e062c9bc23143fb4954da8b","restoration_max_abs":1.1443916996305594e-16,"root_distance_max":4.577566798522237e-16,"steps":1024},{"boundary_count":2728,"boundary_valid":true,"carrier_reused_from_previous_program":true,"compact_dp_count":2728,"compact_dp_ns":28712700,"displacement_l2":12.026081965441145,"family":1,"fixed_resident_cells":310,"fixed_to_layered_cell_ratio":0.000244081034903588,"history_factor_count":0,"passed":true,"phase_end_to_end_ns":644534000,"phase_over_compact_dp_wall_ratio":22.447697360401495,"program_fingerprint":"a31e53a370d9d37c89afc5d4e2bea79af2bf220dc4b6ce6e19308417caa3a468","restoration_max_abs":1.2412670766236366e-16,"root_distance_max":3.1401849173675503e-16,"steps":4096}],"results_sha256":"daac2047f252f24f3ec87b1219ae10dfb712e353ddfd4e84a39cfe5927bd4b0a","reuse_consumed_actual_restored_carrier":true,"schema":"cat_cas.frontier.fixed_resident.v0","source_no_smuggle":{"complete_path_modes":0,"decoded_feedback":false,"forbidden_call_hits":[],"history_factor_count":0,"passed":true},"status":"DEVELOPMENT_PASS"}
