{
  "suite": "Q41_TIER2_1_L_FUNCTIONS",
  "version": "1.0.0",
  "timestamp": "2026-01-12T03:44:32.273689+00:00",
  "passed": true,
  "metrics": {
    "mean_functional_equation_quality": 0.5,
    "mean_smoothness": 0.8393687928665984,
    "mean_cross_model_correlation": 0.30918383681419087,
    "model_results": {
      "MiniLM": {
        "n_primes": 10,
        "functional_equation_quality": 0.5,
        "smoothness": 0.7725562592173831,
        "l_values": {
          "0.5": {
            "real": 1632.0674493081037,
            "imag": 0.0
          },
          "1.0": {
            "real": 17016.67356668227,
            "imag": 0.0
          },
          "1.5": {
            "real": 1093946.4501863765,
            "imag": 0.0
          },
          "2.0": {
            "real": 1444457969.095009,
            "imag": 0.0
          },
          "2.5": {
            "real": 548534306.4833587,
            "imag": 0.0
          },
          "3.0": {
            "real": 2483175302.19245,
            "imag": 0.0
          }
        }
      },
      "MPNet": {
        "n_primes": 10,
        "functional_equation_quality": 0.5,
        "smoothness": 0.7865051461221847,
        "l_values": {
          "0.5": {
            "real": 280.51772903133565,
            "imag": 0.0
          },
          "1.0": {
            "real": 1719.9022401114298,
            "imag": 0.0
          },
          "1.5": {
            "real": 38659.769313121236,
            "imag": 0.0
          },
          "2.0": {
            "real": 20805911.834792253,
            "imag": 0.0
          },
          "2.5": {
            "real": 33139915.28108602,
            "imag": 0.0
          },
          "3.0": {
            "real": 346825072.1688751,
            "imag": 0.0
          }
        }
      },
      "Paraphrase": {
        "n_primes": 10,
        "functional_equation_quality": 0.5,
        "smoothness": 0.9245111751683323,
        "l_values": {
          "0.5": {
            "real": 75.13369749143928,
            "imag": 0.0
          },
          "1.0": {
            "real": 313.9144479429037,
            "imag": 0.0
          },
          "1.5": {
            "real": 2849.1835080127357,
            "imag": 0.0
          },
          "2.0": {
            "real": 22961.844446011135,
            "imag": 0.0
          },
          "2.5": {
            "real": 201579.6855354896,
            "imag": 0.0
          },
          "3.0": {
            "real": 11256997.156802373,
            "imag": 0.0
          }
        }
      },
      "BERT": {
        "n_primes": 10,
        "functional_equation_quality": 0.5,
        "smoothness": 0.8739025909584934,
        "l_values": {
          "0.5": {
            "real": 2431761049038.6216,
            "imag": 0.0
          },
          "1.0": {
            "real": 20179157250010.92,
            "imag": 0.0
          },
          "1.5": {
            "real": 759624637085905.9,
            "imag": 0.0
          },
          "2.0": {
            "real": 73776867941908.58,
            "imag": 0.0
          },
          "2.5": {
            "real": 77716558005.88136,
            "imag": 0.0
          },
          "3.0": {
            "real": 4882374398.7001095,
            "imag": 0.0
          }
        }
      }
    }
  },
  "thresholds": {
    "functional_equation_quality_min": 0.3,
    "smoothness_min": 0.3
  },
  "controls": {
    "positive_control_quality": 0.5,
    "negative_control_quality": 0.5,
    "positive_pass": true
  },
  "notes": "FE quality: 0.500, Smoothness: 0.839, Cross-model corr: 0.309"
}