{
  "J_values": [
    0.5,
    0.75,
    1.0,
    1.25,
    1.5,
    1.75,
    2.0,
    2.25,
    2.5,
    2.75,
    3.0,
    3.25,
    3.5,
    3.75,
    4.0,
    4.25,
    4.5,
    4.75,
    5.0
  ],
  "sigmas": [
    [
      0.5,
      1.0682142857142858,
      0.05317592097395747
    ],
    [
      0.75,
      1.0682142857142858,
      0.05317592097395747
    ],
    [
      1.0,
      1.0682142857142858,
      0.05317592097395747
    ],
    [
      1.25,
      1.0682142857142858,
      0.05317592097395747
    ],
    [
      1.5,
      1.0682142857142858,
      0.05317592097395747
    ],
    [
      1.75,
      1.0682142857142858,
      0.05317592097395747
    ],
    [
      2.0,
      1.0682142857142858,
      0.05317592097395747
    ],
    [
      2.25,
      1.0682142857142858,
      0.05317592097395747
    ],
    [
      2.5,
      1.0682142857142858,
      0.05317592097395747
    ],
    [
      2.75,
      1.0682142857142858,
      0.05317592097395747
    ],
    [
      3.0,
      1.0682142857142858,
      0.05317592097395747
    ],
    [
      3.25,
      1.0682142857142858,
      0.05317592097395747
    ],
    [
      3.5,
      1.0682142857142858,
      0.05317592097395747
    ],
    [
      3.75,
      1.0682142857142858,
      0.05317592097395747
    ],
    [
      4.0,
      1.0682142857142858,
      0.05317592097395747
    ],
    [
      4.25,
      1.0682142857142858,
      0.05317592097395747
    ],
    [
      4.5,
      1.0682142857142858,
      0.05317592097395747
    ],
    [
      4.75,
      1.0682142857142858,
      0.05317592097395747
    ],
    [
      5.0,
      1.0682142857142858,
      0.05317592097395747
    ]
  ],
  "resonance": [
    [
      0.5,
      0.21551576726961127,
      0.21684787067562947
    ],
    [
      0.75,
      0.21551576726961127,
      0.21684787067562947
    ],
    [
      1.0,
      0.21551576726961127,
      0.21684787067562947
    ],
    [
      1.25,
      0.21551576726961127,
      0.21684787067562947
    ],
    [
      1.5,
      0.21551576726961127,
      0.21684787067562947
    ],
    [
      1.75,
      0.21551576726961127,
      0.21684787067562947
    ],
    [
      2.0,
      0.21551576726961127,
      0.21684787067562947
    ],
    [
      2.25,
      0.21551576726961127,
      0.21684787067562947
    ],
    [
      2.5,
      0.21551576726961127,
      0.21684787067562947
    ],
    [
      2.75,
      0.21551576726961127,
      0.21684787067562947
    ],
    [
      3.0,
      0.21551576726961127,
      0.21684787067562947
    ],
    [
      3.25,
      0.21551576726961127,
      0.21684787067562947
    ],
    [
      3.5,
      0.21551576726961127,
      0.21684787067562947
    ],
    [
      3.75,
      0.21551576726961127,
      0.21684787067562947
    ],
    [
      4.0,
      0.21551576726961127,
      0.21684787067562947
    ],
    [
      4.25,
      0.21551576726961127,
      0.21684787067562947
    ],
    [
      4.5,
      0.21551576726961127,
      0.21684787067562947
    ],
    [
      4.75,
      0.21551576726961127,
      0.21684787067562947
    ],
    [
      5.0,
      0.21551576726961127,
      0.21684787067562947
    ]
  ]
}