{
  "suite": "Q41_PHASE2_LANGLANDS",
  "version": "1.0.0",
  "timestamp": "2026-01-11T18:54:29.212091+00:00",
  "phase": 2,
  "summary": {
    "passed": 3,
    "total": 3,
    "all_pass": true,
    "tests": [
      {
        "name": "TIER 2.1: Semantic L-Functions",
        "passed": true
      },
      {
        "name": "TIER 2.2: Ramanujan Bound",
        "passed": true
      },
      {
        "name": "TIER 5.1: Trace Formula (Spectral-Geometric)",
        "passed": true
      }
    ]
  },
  "config": {
    "seed": 42,
    "k_neighbors": 10,
    "preprocessing": "l2",
    "distance_metric": "euclidean"
  },
  "corpus_hash": "fc8dd72ea2b288413299497655e3399910f5f55f6beef41208225738b8add2f5",
  "models": [
    "MiniLM",
    "MPNet",
    "Paraphrase",
    "BERT"
  ],
  "results": [
    {
      "name": "TIER 2.1: Semantic L-Functions",
      "test_type": "langlands",
      "passed": true,
      "metrics": {
        "mean_functional_equation_quality": 0.5,
        "mean_smoothness": 0.8393687928665984,
        "mean_cross_model_correlation": 0.30918383681419087,
        "model_results": {
          "MiniLM": {
            "n_primes": 10,
            "functional_equation_quality": 0.5,
            "smoothness": 0.7725562592173831,
            "l_values": {
              "0.5": {
                "real": 1632.0674493081037,
                "imag": 0.0
              },
              "1.0": {
                "real": 17016.67356668227,
                "imag": 0.0
              },
              "1.5": {
                "real": 1093946.4501863765,
                "imag": 0.0
              },
              "2.0": {
                "real": 1444457969.095009,
                "imag": 0.0
              },
              "2.5": {
                "real": 548534306.4833587,
                "imag": 0.0
              },
              "3.0": {
                "real": 2483175302.19245,
                "imag": 0.0
              }
            }
          },
          "MPNet": {
            "n_primes": 10,
            "functional_equation_quality": 0.5,
            "smoothness": 0.7865051461221847,
            "l_values": {
              "0.5": {
                "real": 280.51772903133565,
                "imag": 0.0
              },
              "1.0": {
                "real": 1719.9022401114298,
                "imag": 0.0
              },
              "1.5": {
                "real": 38659.769313121236,
                "imag": 0.0
              },
              "2.0": {
                "real": 20805911.834792253,
                "imag": 0.0
              },
              "2.5": {
                "real": 33139915.28108602,
                "imag": 0.0
              },
              "3.0": {
                "real": 346825072.1688751,
                "imag": 0.0
              }
            }
          },
          "Paraphrase": {
            "n_primes": 10,
            "functional_equation_quality": 0.5,
            "smoothness": 0.9245111751683323,
            "l_values": {
              "0.5": {
                "real": 75.13369749143928,
                "imag": 0.0
              },
              "1.0": {
                "real": 313.9144479429037,
                "imag": 0.0
              },
              "1.5": {
                "real": 2849.1835080127357,
                "imag": 0.0
              },
              "2.0": {
                "real": 22961.844446011135,
                "imag": 0.0
              },
              "2.5": {
                "real": 201579.6855354896,
                "imag": 0.0
              },
              "3.0": {
                "real": 11256997.156802373,
                "imag": 0.0
              }
            }
          },
          "BERT": {
            "n_primes": 10,
            "functional_equation_quality": 0.5,
            "smoothness": 0.8739025909584934,
            "l_values": {
              "0.5": {
                "real": 2431761049038.6216,
                "imag": 0.0
              },
              "1.0": {
                "real": 20179157250010.92,
                "imag": 0.0
              },
              "1.5": {
                "real": 759624637085905.9,
                "imag": 0.0
              },
              "2.0": {
                "real": 73776867941908.58,
                "imag": 0.0
              },
              "2.5": {
                "real": 77716558005.88136,
                "imag": 0.0
              },
              "3.0": {
                "real": 4882374398.7001095,
                "imag": 0.0
              }
            }
          }
        }
      },
      "thresholds": {
        "functional_equation_quality_min": 0.3,
        "smoothness_min": 0.3
      },
      "controls": {
        "positive_control_quality": 0.5,
        "negative_control_quality": 0.5,
        "positive_pass": true
      },
      "notes": "FE quality: 0.500, Smoothness: 0.839, Cross-model corr: 0.309"
    },
    {
      "name": "TIER 2.2: Ramanujan Bound",
      "test_type": "langlands",
      "passed": true,
      "metrics": {
        "mean_spectral_gap": 0.23410120609621332,
        "gap_cv": 0.5705227971944936,
        "bound_satisfied_fraction": 1.0,
        "model_results": {
          "MiniLM": {
            "5": {
              "bound_satisfied": true,
              "spectral_gap": 0.08848772306655261,
              "max_nontrivial": 0.9115122769334474,
              "min_eigenvalue": -0.5764461440130131,
              "all_in_unit_interval": true,
              "expected_gap_lower": 0.06063390625908324,
              "n_eigenvalues": 68
            },
            "10": {
              "bound_satisfied": true,
              "spectral_gap": 0.14991001424124972,
              "max_nontrivial": 0.8500899857587503,
              "min_eigenvalue": -0.4094319754435992,
              "all_in_unit_interval": true,
              "expected_gap_lower": 0.06063390625908324,
              "n_eigenvalues": 68
            },
            "15": {
              "bound_satisfied": true,
              "spectral_gap": 0.22817683425934698,
              "max_nontrivial": 0.771823165740653,
              "min_eigenvalue": -0.3049926378645804,
              "all_in_unit_interval": true,
              "expected_gap_lower": 0.06063390625908324,
              "n_eigenvalues": 68
            }
          },
          "MPNet": {
            "5": {
              "bound_satisfied": true,
              "spectral_gap": 0.06364678551165803,
              "max_nontrivial": 0.936353214488342,
              "min_eigenvalue": -0.5676117034246395,
              "all_in_unit_interval": true,
              "expected_gap_lower": 0.06063390625908324,
              "n_eigenvalues": 68
            },
            "10": {
              "bound_satisfied": true,
              "spectral_gap": 0.15657227181655953,
              "max_nontrivial": 0.8434277281834405,
              "min_eigenvalue": -0.3961815015564032,
              "all_in_unit_interval": true,
              "expected_gap_lower": 0.06063390625908324,
              "n_eigenvalues": 68
            },
            "15": {
              "bound_satisfied": true,
              "spectral_gap": 0.28317902213274715,
              "max_nontrivial": 0.7168209778672529,
              "min_eigenvalue": -0.31135033670273515,
              "all_in_unit_interval": true,
              "expected_gap_lower": 0.06063390625908324,
              "n_eigenvalues": 68
            }
          },
          "Paraphrase": {
            "5": {
              "bound_satisfied": true,
              "spectral_gap": 0.10468902088210019,
              "max_nontrivial": 0.8953109791178998,
              "min_eigenvalue": -0.5867533191350289,
              "all_in_unit_interval": true,
              "expected_gap_lower": 0.06063390625908324,
              "n_eigenvalues": 68
            },
            "10": {
              "bound_satisfied": true,
              "spectral_gap": 0.27976646595357013,
              "max_nontrivial": 0.7202335340464299,