{
  "data_hashes": {
    "high_sigma": "5AA6519BE7517F09D3F2B8F9135BEFDA1DC3920E81E591BEC17A410E143BF43B",
    "low_sigma": "3A60E760437F028F85735520B21313E20662A2BF43E6F669AA06DAE4B1934320",
    "scrambled": "DB592266439162FE9F2E94385B8FBC7E11FE595558D9D54E2950EFA5A951FF9E"
  },
  "params": {
    "alpha_band": [
      8.0,
      12.0
    ],
    "dataset": "ds003825 THINGS-EEG",
    "epoch_tmax_ms": 600,
    "epoch_tmin_ms": -200,
    "gamma_band": [
      30.0,
      80.0
    ],
    "high_sigma_symbols": [
      "cross",
      "crown",
      "snake",
      "baby",
      "fire",
      "skull",
      "sword",
      "eagle",
      "dragon",
      "lion"
    ],
    "low_sigma_objects": [
      "stapler",
      "ladle",
      "faucet",
      "plunger",
      "corkscrew",
      "spatula",
      "tape_measure",
      "toaster",
      "broom",
      "strainer"
    ],
    "mode": "real",
    "n_channels": 63,
    "n_high_sigma": 108,
    "n_low_sigma": 120,
    "n_scrambled": 108,
    "n_times_high_sigma": 200,
    "n_times_low_sigma": 200,
    "n_times_scrambled": 200,
    "seed": 42,
    "sfreq": 250.0
  },
  "platform": "Windows-10-10.0.26100-SP0",
  "python": "3.11.6",
  "results": {
    "alpha": {
      "high_vs_low": {
        "cohens_d": -0.034897686724315556,
        "p_value": 0.7966203379662034,
        "pass": false,
        "permutation_result": {
          "mean_a": 0.29567689935989433,
          "mean_b": 0.2979845200255633,
          "n_a": 108,
          "n_b": 120,
          "n_permutations": 10000,
          "observed_diff": -0.0023076206656689746,
          "p_value": 0.7966203379662034,
          "std_a": 0.06609322774972949,
          "std_b": 0.0661541607931808
        }
      },
      "high_vs_scrambled": {
        "cohens_d": -1.1296775916394062,
        "p_value": 9.999000099990002e-05,
        "pass": true,
        "permutation_result": {
          "mean_a": 0.29567689935989433,
          "mean_b": 0.3614414594352946,
          "n_a": 108,
          "n_b": 108,
          "n_permutations": 10000,
          "observed_diff": -0.06576456007540027,
          "p_value": 9.999000099990002e-05,
          "std_a": 0.06609322774972949,
          "std_b": 0.04908906023820951
        }
      },
      "low_vs_scrambled": {
        "cohens_d": -1.0811046654120293,
        "p_value": 9.999000099990002e-05,
        "pass": true,
        "permutation_result": {
          "mean_a": 0.2979845200255633,
          "mean_b": 0.3614414594352946,
          "n_a": 120,
          "n_b": 108,
          "n_permutations": 10000,
          "observed_diff": -0.0634569394097313,
          "p_value": 9.999000099990002e-05,
          "std_a": 0.0661541607931808,
          "std_b": 0.04908906023820951
        }
      }
    },
    "gamma": {
      "high_vs_low": {
        "cohens_d": -0.01706948867071105,
        "p_value": 0.902009799020098,
        "pass": false,
        "permutation_result": {
          "mean_a": 0.10254275530563817,
          "mean_b": 0.10279624116305862,
          "n_a": 108,
          "n_b": 120,
          "n_permutations": 10000,
          "observed_diff": -0.0002534858574204518,
          "p_value": 0.902009799020098,
          "std_a": 0.014464507067911218,
          "std_b": 0.015188697782043445
        }
      },
      "high_vs_scrambled": {
        "cohens_d": -2.0499608757463412,
        "p_value": 9.999000099990002e-05,
        "pass": true,
        "permutation_result": {
          "mean_a": 0.10254275530563817,
          "mean_b": 0.13679236266128889,
          "n_a": 108,
          "n_b": 108,
          "n_permutations": 10000,
          "observed_diff": -0.03424960735565072,
          "p_value": 9.999000099990002e-05,
          "std_a": 0.014464507067911218,
          "std_b": 0.018683025239609498
        }
      },
      "low_vs_scrambled": {
        "cohens_d": -2.0076591945361137,
        "p_value": 9.999000099990002e-05,
        "pass": true,
        "permutation_result": {
          "mean_a": 0.10279624116305862,
          "mean_b": 0.13679236266128889,
          "n_a": 120,
          "n_b": 108,
          "n_permutations": 10000,
          "observed_diff": -0.03399612149823027,
          "p_value": 9.999000099990002e-05,
          "std_a": 0.015188697782043445,
          "std_b": 0.018683025239609498
        }
      }
    },
    "overall_pass": false
  },
  "test": "task2_symbols",
  "timestamp_utc": "20260517_195908"
}
