{
  "data_hashes": {
    "high_sigma": "6BF51E10B49BE2F44F65A86994965A52BD3D6A859505568485CF2BA79CC9E3B2",
    "low_sigma": "FD2DB8D58C15CD9460801AAD20D421FFD8B466A67095C94ECBE5F987C807BA57",
    "scrambled": "810404E21B99B9F376179E7779DEB4DA78EE093BE6C0AEC7F1640B0C8C9F4614"
  },
  "params": {
    "alpha_band": [
      8.0,
      12.0
    ],
    "dataset": "ds003825 THINGS-EEG",
    "epoch_tmax_s": 0.5,
    "epoch_tmin_s": -0.05,
    "gamma_band": [
      30.0,
      80.0
    ],
    "high_sigma_symbols": [
      "cross",
      "crown",
      "snake",
      "baby",
      "fire",
      "skull",
      "sword",
      "eagle",
      "dragon",
      "lion"
    ],
    "low_sigma_objects": [
      "stapler",
      "ladle",
      "faucet",
      "plunger",
      "corkscrew",
      "spatula",
      "tape_measure",
      "toaster",
      "broom",
      "strainer"
    ],
    "mode": "real",
    "n_channels": 63,
    "n_high_sigma": 108,
    "n_low_sigma": 120,
    "n_scrambled": 108,
    "n_times_high_sigma": 138,
    "n_times_low_sigma": 138,
    "n_times_scrambled": 138,
    "seed": 42,
    "sfreq": 250.0,
    "sfreq_original": 1000.0,
    "sfreq_target": 250.0
  },
  "platform": "Windows-10-10.0.26100-SP0",
  "python": "3.11.6",
  "results": {
    "alpha": {
      "high_vs_low": {
        "cohens_d": 0.16886118751985885,
        "p_value": 0.20787921207879212,
        "pass": false,
        "permutation_result": {
          "mean_a": 0.3575269127082734,
          "mean_b": 0.3459150506039557,
          "n_a": 108,
          "n_b": 120,
          "n_permutations": 10000,
          "observed_diff": 0.011611862104317694,
          "p_value": 0.20787921207879212,
          "std_a": 0.07012938699556412,
          "std_b": 0.06751606400172243
        }
      },
      "high_vs_scrambled": {
        "cohens_d": -0.6177469477398384,
        "p_value": 9.999000099990002e-05,
        "pass": true,
        "permutation_result": {
          "mean_a": 0.3575269127082734,
          "mean_b": 0.39194964682837685,
          "n_a": 108,
          "n_b": 108,
          "n_permutations": 10000,
          "observed_diff": -0.03442273412010344,
          "p_value": 9.999000099990002e-05,
          "std_a": 0.07012938699556412,
          "std_b": 0.035944152474669123
        }
      },
      "low_vs_scrambled": {
        "cohens_d": -0.8388081043299235,
        "p_value": 9.999000099990002e-05,
        "pass": true,
        "permutation_result": {
          "mean_a": 0.3459150506039557,
          "mean_b": 0.39194964682837685,
          "n_a": 120,
          "n_b": 108,
          "n_permutations": 10000,
          "observed_diff": -0.04603459622442113,
          "p_value": 9.999000099990002e-05,
          "std_a": 0.06751606400172243,
          "std_b": 0.035944152474669123
        }
      }
    },
    "gamma": {
      "high_vs_low": {
        "cohens_d": 0.0631763490122078,
        "p_value": 0.6418358164183582,
        "pass": false,
        "permutation_result": {
          "mean_a": 0.1163552736212572,
          "mean_b": 0.11543314647074485,
          "n_a": 108,
          "n_b": 120,
          "n_permutations": 10000,
          "observed_diff": 0.0009221271505123474,
          "p_value": 0.6418358164183582,
          "std_a": 0.014060705162621432,
          "std_b": 0.015061230413528059
        }
      },
      "high_vs_scrambled": {
        "cohens_d": 0.08101526570539042,
        "p_value": 0.5544445555444456,
        "pass": false,
        "permutation_result": {
          "mean_a": 0.1163552736212572,
          "mean_b": 0.11546284676681734,
          "n_a": 108,
          "n_b": 108,
          "n_permutations": 10000,
          "observed_diff": 0.0008924268544398539,
          "p_value": 0.5544445555444456,
          "std_a": 0.014060705162621432,
          "std_b": 0.006706771841978065
        }
      },
      "low_vs_scrambled": {
        "cohens_d": -0.002503535529595547,
        "p_value": 0.9853014698530147,
        "pass": false,
        "permutation_result": {
          "mean_a": 0.11543314647074485,
          "mean_b": 0.11546284676681734,
          "n_a": 120,
          "n_b": 108,
          "n_permutations": 10000,
          "observed_diff": -2.970029607249347e-05,
          "p_value": 0.9853014698530147,
          "std_a": 0.015061230413528059,
          "std_b": 0.006706771841978065
        }
      }
    },
    "overall_pass": false
  },
  "test": "task2_symbols",
  "timestamp_utc": "20260517_181621"
}
