{
  "test_id": "Q26_SEMANTIC_STRUCTURE_TEST",
  "model": "all-MiniLM-L6-v2",
  "results": {
    "coherent": {
      "N_min": 5,
      "stability_curve": {
        "3": 0.45226248533577135,
        "5": 0.040590168692237645,
        "7": 0.02685634482855432,
        "10": 0.024492968670715286,
        "15": 0.017390852481794332,
        "20": 0.01645260382390984,
        "30": 0.008353834427293453,
        "50": 0.005715985431922025
      },
      "D": 384
    },
    "diverse": {
      "N_min": 3,
      "stability_curve": {
        "3": 0.034380034394045855,
        "5": 0.030164305343168118,
        "7": 0.025593382803015343,
        "10": 0.01731578048788479,
        "15": 0.016070161782235245,
        "20": 0.009500425978895393,
        "30": 0.006886121795160629,
        "50": 0.0036116286782599135
      },
      "D": 384
    },
    "contradictory": {
      "N_min": 3,
      "stability_curve": {
        "3": 0.04527877881971785,
        "5": 0.030860772265147652,
        "7": 0.02764573200736307,
        "10": 0.021995795389007814,
        "15": 0.01898881342745731,
        "20": 0.010374490851631547,
        "30": 0.009084591751609094,
        "50": 0.008379516453988586
      },
      "D": 384
    },
    "random_gibberish": {
      "N_min": 5,
      "stability_curve": {
        "3": 0.12661364879051545,
        "5": 0.09140220463934691,
        "7": 0.06359976849003238,
        "10": 0.05196314238173382,
        "15": 0.033827688567069136,
        "20": 0.03451390348063727,
        "30": 0.02220674468631643,
        "50": 0.012597522231729996
      },
      "D": 384
    }
  },
  "analysis": {
    "N_min_values": [
      5,
      3,
      3,
      5
    ],
    "N_min_mean": 4.0,
    "N_min_cv": 0.24999999999375,
    "verdict": "MINOR_EFFECT",
    "explanation": "N_min shows minor variation: 3 to 5"
  }
}