{
  "timestamp": "2026-01-15T02:09:44.588151",
  "question": "Q27",
  "title": "Adaptive Threshold Under Noise (Hysteresis)",
  "config": {
    "n_trials": 10,
    "noise_levels": [
      0.0,
      0.01,
      0.02,
      0.05,
      0.1,
      0.2
    ],
    "n_chunks": 100,
    "confidence_level": 0.95
  },
  "summary": {
    "correlation": 0.8624619104114126,
    "correlation_ci_95": [
      -0.8011835833632523,
      0.9980733478614632
    ],
    "p_value": 0.027074203947832443,
    "finding": "Noise improves discrimination (self-protective gating)"
  },
  "results_by_noise": {
    "0.0": {
      "mean_cohen_d": 3.0757436767825164,
      "std_cohen_d": 4.681111291435602e-16,
      "ci_95_lower": 3.075743676782516,
      "ci_95_upper": 3.075743676782517,
      "n_valid_trials": 10,
      "mean_acceptance_rate": 0.9200000000000002
    },
    "0.01": {
      "mean_cohen_d": 2.6377993446628634,
      "std_cohen_d": 0.29391753924562736,
      "ci_95_lower": 2.4556273664783936,
      "ci_95_upper": 2.819971322847333,
      "n_valid_trials": 10,
      "mean_acceptance_rate": 0.849
    },
    "0.02": {
      "mean_cohen_d": 2.35767166390322,
      "std_cohen_d": 0.25100468993346786,
      "ci_95_lower": 2.202097345282697,
      "ci_95_upper": 2.5132459825237428,
      "n_valid_trials": 10,
      "mean_acceptance_rate": 0.554
    },
    "0.05": {
      "mean_cohen_d": 2.636643666121665,
      "std_cohen_d": 0.2913159425786091,
      "ci_95_lower": 2.456084174257288,
      "ci_95_upper": 2.8172031579860417,
      "n_valid_trials": 10,
      "mean_acceptance_rate": 0.2
    },
    "0.1": {
      "mean_cohen_d": 3.507342263980374,
      "std_cohen_d": 0.6710533544816343,
      "ci_95_lower": 3.0914190857753425,
      "ci_95_upper": 3.9232654421854054,
      "n_valid_trials": 10,
      "mean_acceptance_rate": 0.081
    },
    "0.2": {
      "mean_cohen_d": 4.041073136934886,
      "std_cohen_d": 0.9186613981431518,
      "ci_95_lower": 3.4716809032798865,
      "ci_95_upper": 4.610465370589885,
      "n_valid_trials": 10,
      "mean_acceptance_rate": 0.047
    }
  },
  "raw_data": [
    {
      "trial": 0,
      "noise": 0.0,
      "cohen_d": 3.075743676782517,
      "n_absorbed": 92,
      "n_rejected": 8,
      "acceptance_rate": 0.92,
      "mean_E_absorbed": 0.4688586931189765,
      "mean_E_rejected": 0.051392101449891925,
      "threshold_constant": false
    },
    {
      "trial": 1,
      "noise": 0.0,
      "cohen_d": 3.075743676782517,
      "n_absorbed": 92,
      "n_rejected": 8,
      "acceptance_rate": 0.92,
      "mean_E_absorbed": 0.4688586931189765,
      "mean_E_rejected": 0.051392101449891925,
      "threshold_constant": false
    },
    {
      "trial": 2,
      "noise": 0.0,
      "cohen_d": 3.075743676782517,
      "n_absorbed": 92,
      "n_rejected": 8,
      "acceptance_rate": 0.92,
      "mean_E_absorbed": 0.4688586931189765,
      "mean_E_rejected": 0.051392101449891925,
      "threshold_constant": false
    },
    {
      "trial": 3,
      "noise": 0.0,
      "cohen_d": 3.075743676782517,
      "n_absorbed": 92,
      "n_rejected": 8,
      "acceptance_rate": 0.92,
      "mean_E_absorbed": 0.4688586931189765,
      "mean_E_rejected": 0.051392101449891925,
      "threshold_constant": false
    },
    {
      "trial": 4,
      "noise": 0.0,
      "cohen_d": 3.075743676782517,
      "n_absorbed": 92,
      "n_rejected": 8,
      "acceptance_rate": 0.92,
      "mean_E_absorbed": 0.4688586931189765,
      "mean_E_rejected": 0.051392101449891925,
      "threshold_constant": false
    },
    {
      "trial": 5,
      "noise": 0.0,
      "cohen_d": 3.075743676782517,
      "n_absorbed": 92,
      "n_rejected": 8,
      "acceptance_rate": 0.92,
      "mean_E_absorbed": 0.4688586931189765,
      "mean_E_rejected": 0.051392101449891925,
      "threshold_constant": false
    },
    {
      "trial": 6,
      "noise": 0.0,
      "cohen_d": 3.075743676782517,
      "n_absorbed": 92,
      "n_rejected": 8,
      "acceptance_rate": 0.92,
      "mean_E_absorbed": 0.4688586931189765,
      "mean_E_rejected": 0.051392101449891925,
      "threshold_constant": false
    },
    {
      "trial": 7,
      "noise": 0.0,
      "cohen_d": 3.075743676782517,
      "n_absorbed": 92,
      "n_rejected": 8,
      "acceptance_rate": 0.92,
      "mean_E_absorbed": 0.4688586931189765,
      "mean_E_rejected": 0.051392101449891925,
      "threshold_constant": false
    },
    {
      "trial": 8,
      "noise": 0.0,
      "cohen_d": 3.075743676782517,
      "n_absorbed": 92,
      "n_rejected": 8,
      "acceptance_rate": 0.92,
      "mean_E_absorbed": 0.4688586931189765,
      "mean_E_rejected": 0.051392101449891925,
      "threshold_constant": false
    },
    {
      "trial": 9,
      "noise": 0.0,
      "cohen_d": 3.075743676782517,
      "n_absorbed": 92,
      "n_rejected": 8,
      "acceptance_rate": 0.92,
      "mean_E_absorbed": 0.4688586931189765,
      "mean_E_rejected": 0.051392101449891925,
      "threshold_constant": false
    },
    {
      "trial": 0,
      "noise": 0.01,
      "cohen_d": 2.8404451225381173,
      "n_absorbed": 88,
      "n_rejected": 12,
      "acceptance_rate": 0.88,
      "mean_E_absorbed": 0.34548561376604164,
      "mean_E_rejected": 0.026398859219625592,
      "threshold_constant": false
    },
    {
      "trial": 1,
      "noise": 0.01,
      "cohen_d": 2.3151257692188563,
      "n_absorbed": 85,
      "n_rejected": 15,
      "acceptance_rate": 0.85,
      "mean_E_absorbed": 0.34532124733223635,
      "mean_E_rejected": 0.0730478667964538,
      "threshold_constant": false
    },
    {
      "trial": 2,
      "noise": 0.01,
      "cohen_d": 2.3123225629775033,
      "n_absorbed": 87,
      "n_rejected": 13,
      "acceptance_rate": 0.87,
      "mean_E_absorbed": 0.3494171662919823,
      "mean_E_rejected": 0.07550568821338507,
      "threshold_constant": false
    },
    {
      "trial": 3,
      "noise": 0.01,
      "cohen_d": 3.14872522319727,
      "n_absorbed": 81,
      "n_rejected": 19,
      "acceptance_rate": 0.81,
      "mean_E_absorbed": 0.3842235459589664,
      "mean_E_rejected": 0.0677958962164427,
      "threshold_constant": false
    },
    {
      "trial": 4,
      "noise": 0.01,
      "cohen_d": 2.8543734486460655,
      "n_absorbed": 89,
      "n_rejected": 11,
      "acceptance_rate": 0.89,
      "mean_E_absorbed": 0.34586893541089603,
      "mean_E_rejected": 0.0257951385256919,
      "threshold_constant": false
    },
    {
      "trial": 5,
      "noise": 0.01,
      "cohen_d": 2.910968925555273,
      "n_absorbed": 82,
      "n_rejected": 18,
      "acceptance_rate": 0.82,
      "mean_E_absorbed": 0.3721425095345916,
      "mean_E_rejected": 0.0727179656840033,
      "threshold_constant": false
    },
    {
      "trial": 6,
      "noise": 0.01,
      "cohen_d": 2.6072616627946834,
      "n_absorbed": 82,
      "n_rejected": 18,
      "acceptance_rate": 0.82,
      "mean_E_absorbed": 0.3675861729354393,
      "mean_E_rejected": 0.07053549059977134,
      "threshold_constant": false
    },
    {
      "trial": 7,
      "noise": 0.01,
      "cohen_d": 2.3056717261487982,
      "n_absorbed": 83,
      "n_rejected": 17,
      "acceptance_rate": 0.83,
      "mean_E_absorbed": 0.3521881011954273,
      "mean_E_rejected": 0.06662511507816174,
      "threshold_constant": false
    },
    {
      "trial": 8,
      "noise": 0.01,
      "cohen_d": 2.457798649133532,
      "n_absorbed": 86,
      "n_rejected": 14,
      "acceptance_rate": 0.86,
      "mean_E_absorbed": 0.36247434467077255,
      "mean_E_rejected": 0.06371607691315669,
      "threshold_constant": false
    },
    {
      "trial": 9,
      "noise": 0.01,
      "cohen_d": 2.6253003564185304,
      "n_absorbed": 86,
      "n_rejected": 14,
      "acceptance_rate": 0.86,
      "mean_E_absorbed": 0.36863524518733803,
      "mean_E_rejected": 0.06842239686687078,
      "threshold_constant": false
    },
    {
      "trial": 0,
      "noise": 0.02,