{
  "timestamp": "2026-01-15T02:44:17.263948",
  "test": "Q27 FERAL Integration",
  "config": {
    "n_trials": 5,
    "noise_levels": [
      0.0,
      0.02,
      0.05,
      0.1,
      0.2
    ],
    "n_chunks": 500
  },
  "results": {
    "0.0": {
      "mean_cohen_d": 3.324398687575904,
      "std_cohen_d": 0.0,
      "mean_acceptance_rate": 0.955734406438632,
      "mean_final_Df": 140.03754219741907,
      "n_valid_trials": 5
    },
    "0.02": {
      "mean_cohen_d": 2.972379231064637,
      "std_cohen_d": 0.23052143177938866,
      "mean_acceptance_rate": 0.17424547283702213,
      "mean_final_Df": 133.52055332175615,
      "n_valid_trials": 5
    },
    "0.05": {
      "mean_cohen_d": 3.4098618225135553,
      "std_cohen_d": 0.31187206156193015,
      "mean_acceptance_rate": 0.04466800804828974,
      "mean_final_Df": 131.93179576681072,
      "n_valid_trials": 5
    },
    "0.1": {
      "mean_cohen_d": 4.750757219124094,
      "std_cohen_d": 1.7001385390732882,
      "mean_acceptance_rate": 0.017303822937625755,
      "mean_final_Df": 124.1147750324238,
      "n_valid_trials": 5
    },
    "0.2": {
      "mean_cohen_d": 4.211491908871849,
      "std_cohen_d": 0.27827748593952556,
      "mean_acceptance_rate": 0.012072434607645875,
      "mean_final_Df": 133.78355876756942,
      "n_valid_trials": 5
    }
  },
  "correlations": {
    "noise_vs_cohend": 0.7137802010493108,
    "noise_vs_acceptance": -0.61224454827644
  },
  "verdict": "PASS"
}