{
  "test": "Q48_SPECTRAL_ZETA",
  "timestamp": "2026-01-15T14:47:34.038714Z",
  "riemann_reference": {
    "first_10_zeros": [
      14.134725,
      21.02204,
      25.010858,
      30.424876,
      32.935062,
      37.586178,
      40.918719,
      43.327073,
      48.005151,
      49.773832
    ],
    "spacings": [
      6.887315000000001,
      3.9888179999999984,
      5.414018000000002,
      2.510186000000001,
      4.651115999999995,
      3.332541000000006,
      2.4083539999999957,
      4.678077999999999,
      1.7686810000000008
    ],
    "mean_spacing": 3.9599007777777775
  },
  "results": {
    "MiniLM": {
      "convergence": {
        "zeta_curve": [
          [
            -2.0,
            0.00977458204439362
          ],
          [
            -1.75,
            0.02701210244837375
          ],
          [
            -1.5,
            0.07653539090138799
          ],
          [
            -1.25,
            0.22275643270129458
          ],
          [
            -1.0,
            0.6672226036932147
          ],
          [
            -0.75,
            2.0604611284366436
          ],
          [
            -0.5,
            6.571054740957649
          ],
          [
            -0.25,
            21.67226855812184
          ],
          [
            0.0,
            74.0
          ],
          [
            0.25,
            261.7270325412115
          ],
          [
            0.5,
            958.7436487816389
          ],
          [
            0.75,
            3634.3609647285934
          ],
          [
            1.0,
            14234.959139818842
          ],
          [
            1.25,
            57486.043543915715
          ],
          [
            1.5,
            238749.38970457803
          ],
          [
            1.75,
            1016945.4094306644
          ],
          [
            2.0,
            4430127.865188643
          ],
          [
            2.25,
            19684936.51352439
          ],
          [
            2.5,
            88997130.74649085
          ],
          [
            2.75,
            408486718.629139
          ],
          [
            3.0,
            1899732267.7961562
          ],
          [
            3.25,
            8936859519.7914
          ],
          [
            3.5,
            42464347155.48215
          ],
          [
            3.75,
            203550008527.16736
          ],
          [
            4.0,
            983249669926.5261
          ],
          [
            4.25,
            4781985344156.274
          ],
          [
            4.5,
            23397341270629.625
          ],
          [
            4.75,
            115092759626013.1
          ],
          [
            5.0,
            568855255787275.5
          ]
        ],
        "alpha": 2.1824033701485503,
        "sigma_c": 0.45821043610830414
      },
      "symmetry": [
        {
          "center": 0.5,
          "ratio_mean": 131161415.0169534,
          "ratio_cv": 2.6386600205655837,
          "is_symmetric": "False"
        },
        {
          "center": 1.0,
          "ratio_mean": 318252219.1469045,
          "ratio_cv": 2.663452145566008,
          "is_symmetric": "False"
        },
        {
          "center": 1.5,
          "ratio_mean": 716348269.6001604,
          "ratio_cv": 2.6864902451862522,
          "is_symmetric": "False"
        },
        {
          "center": 2.0,
          "ratio_mean": 1461748308.5688465,
          "ratio_cv": 2.7077478866601243,
          "is_symmetric": "False"
        }
      ],
      "zeros": {
        "real_zeros": [],
        "complex_near_zeros": []
      },
      "participation": {
        "Df": 45.54527250957976,
        "D_effective": 57.02072117053055,
        "alpha": 0.4781882556432532,
        "sigma_c": 2.0912265999816575,
        "Df_over_sigma_c": 95.24548537544653,
        "Df_times_alpha": 21.77921441415256
      }
    },
    "MPNet": {
      "convergence": {
        "zeta_curve": [
          [
            -2.0,
            0.01188480661060365
          ],
          [
            -1.75,
            0.0319933844058504
          ],
          [
            -1.5,
            0.08839162919466025
          ],
          [
            -1.25,
            0.25108860174064623
          ],
          [
            -1.0,
            0.7345593817534103
          ],
          [
            -0.75,
            2.216370909821985
          ],
          [
            -0.5,
            6.905324512483714
          ],
          [
            -0.25,
            22.23309212535632
          ],
          [
            0.0,
            74.0
          ],
          [
            0.25,
            254.55409026270337
          ],
          [
            0.5,
            904.2483950642892
          ],
          [
            0.75,
            3312.461171301023
          ],
          [
            1.0,
            12489.840157203666
          ],
          [
            1.25,
            48366.388775837804
          ],
          [
            1.5,
            191895.84585790246
          ],
          [
            1.75,
            778138.712073008
          ],
          [
            2.0,
            3217241.5448949737
          ],
          [
            2.25,
            13532502.386608295
          ],
          [
            2.5,
            57791023.67298694
          ],
          [
            2.75,
            250118635.52613747
          ],
          [
            3.0,
            1095331283.948837
          ],
          [
            3.25,
            4846830530.9136095
          ],
          [
            3.5,
            21645224462.057
          ],
          [
            3.75,
            97455735787.59242
          ],
          [
            4.0,
            441980859500.3913
          ],
          [
            4.25,
            2017491698093.5454
          ],
          [
            4.5,
            9262705679329.34
          ],
          [
            4.75,
            42748889713775.625
          ],
          [
            5.0,
            198220069457049.0
          ],
          [
            5.25,
            923014183617818.5
          ]
        ],
        "alpha": 2.0119940000087966,
        "sigma_c": 0.4970193748070958
      },
      "symmetry": [
        {
          "center": 0.5,
          "ratio_mean": 74421537.6386546,
          "ratio_cv": 2.6141606727066944,
          "is_symmetric": "False"
        },
        {
          "center": 1.0,
          "ratio_mean": 168114370.13343006,
          "ratio_cv": 2.639974446740532,
          "is_symmetric": "False"
        },
        {
          "center": 1.5,
          "ratio_mean": 350327052.31082,
          "ratio_cv": 2.6638073300676806,
          "is_symmetric": "False"
        },
        {
          "center": 2.0,
          "ratio_mean": 662350436.3355663,
          "ratio_cv": 2.685329245884397,
          "is_symmetric": "False"
        }
      ],
      "zeros": {
        "real_zeros": [],
        "complex_near_zeros": []
      },
      "participation": {
        "Df": 45.400611301536884,
        "D_effective": 57.18366925883399,
        "alpha": 0.4885590504023491,
        "sigma_c": 2.0468354831958546,
        "Df_over_sigma_c": 92.92758217076843,
        "Df_times_alpha": 22.18087954516502
      }
    }
  }
}