{
  "timestamp": "2026-01-15T02:24:35.032922",
  "test": "Q27 FERAL Integration",
  "config": {
    "n_trials": 5,
    "noise_levels": [
      0.0,
      0.02,
      0.05,
      0.1,
      0.2
    ],
    "n_chunks": 500
  },
  "results": {
    "0.0": {
      "mean_cohen_d": 3.324398830974231,
      "std_cohen_d": 0.0,
      "mean_acceptance_rate": 0.955734406438632,
      "mean_final_Df": 140.03751194974132,
      "n_valid_trials": 5
    },
    "0.02": {
      "mean_cohen_d": 3.2356339955474835,
      "std_cohen_d": 0.5244385398497928,
      "mean_acceptance_rate": 0.14849094567404425,
      "mean_final_Df": 130.56305666732615,
      "n_valid_trials": 5
    },
    "0.05": {
      "mean_cohen_d": 3.21508092997272,
      "std_cohen_d": 0.3934788604261069,
      "mean_acceptance_rate": 0.03983903420523138,
      "mean_final_Df": 125.68929478175619,
      "n_valid_trials": 5
    },
    "0.1": {
      "mean_cohen_d": 2.879995483237948,
      "std_cohen_d": 0.20904889663557616,
      "mean_acceptance_rate": 0.016498993963782696,
      "mean_final_Df": 126.45252310683864,
      "n_valid_trials": 5
    },
    "0.2": {
      "mean_cohen_d": 2.7475435966089927,
      "std_cohen_d": 0.31418428289899186,
      "mean_acceptance_rate": 0.012072434607645876,
      "mean_final_Df": 124.4842729013186,
      "n_valid_trials": 5
    }
  },
  "correlations": {
    "noise_vs_cohend": -0.9565669554637992,
    "noise_vs_acceptance": -0.5979590414041862
  },
  "verdict": "FAIL"
}