{"results":[{"details":{"gate_margin":0.75,"gate_z":2.6,"geom_mean_cos_correct_end":0.7826461632078104,"geom_mean_cos_wrong_end":0.3574109031599672,"geom_mean_margin_end":0.4252352600478433,"geom_mean_pr_check_end":2.494158176543911,"geom_mean_pr_obs_end":3.9096958394119246,"geom_mean_pr_wrong_end":2.592694753291729,"geom_pair_wins_end":0.975,"geom_z_end":10.406728592596256,"mean_R_correct_end":58.39673247886904,"mean_R_swap_correct_end":35.51300621706718,"mean_R_swap_wrong_end":4.94330178364511,"mean_R_wrong_end":10.543967740882602,"mean_dM_correct":-0.09309061863759092,"mean_dM_wrong":2.5585536724673505,"mean_logR_correct_end":-1.396449976557616,"mean_logR_swap_correct_end":-5.103589926560754,"mean_logR_swap_wrong_end":-13.20861529519423,"mean_logR_wrong_end":-10.722978393846223,"mean_margin":9.326528417288607,"mean_neighbor_sim":0.3635543550054232,"pair_wins":0.775,"phi_proxy_bits":1.5872062823030408,"swap_correct_mean_margin_end":3.7071399500031377,"swap_correct_pair_wins_end":0.6,"swap_wrong_mean_margin_end":11.812165318636612,"swap_wrong_pair_wins_end":0.8,"z":6.0249481325557275},"name":"SciFact-Streaming","passed":true}],"run":{"ablation":"full","apply_to":"scifact","calibrate_on":"climate_fever","calibration_n":3,"dataset":"scifact","depth_power":0.0,"fast":false,"mode":"stream","neighbor_k":10,"scifact_stream_seed":123,"scoring":"crossencoder","seed":123,"stress_min_pass_rate":null,"stress_n":10,"strict":false,"sweep_neighbor_k":"1,3,5,10","verify_n":1,"wrong_checks":"neighbor"},"type":"EmpiricalMetricReceipt","version":1}
