{"results":[{"details":{"gate_margin":0.75,"gate_z":2.6,"mean_R_correct":307.3386799909503,"mean_R_swap":242.04597140281234,"mean_R_wrong":81.10868419302945,"mean_logR_correct":-1.952251920165891,"mean_logR_swap":-5.27759824126789,"mean_logR_wrong":-3.7053081168631494,"mean_margin":1.7530561966972584,"pair_wins":0.6833333333333333,"phi_proxy_bits":0.40926318750640245,"swap_mean_margin":3.325346321101998,"swap_pair_wins":0.575,"z":4.016632088370485},"name":"SciFact","passed":true},{"details":{"mean_M_refute_internal":-9.33990398791779,"mean_M_support_internal":3.27719965472034,"negative":0.4666666666666667,"pair_wins":0.6833333333333333},"name":"Climate-FEVER","passed":true},{"details":{"gate_margin":0.4,"gate_z":2.4,"mean_R_correct":119.5660639852202,"mean_R_swap":87.9235762792617,"mean_R_wrong":46.88832770084357,"mean_logR_correct":-2.4819959726760987,"mean_logR_swap":-7.105493138195994,"mean_logR_wrong":-10.585264397310812,"mean_margin":8.103268424634711,"pair_wins":0.6875,"phi_proxy_bits":0.46264411660438237,"swap_mean_margin":4.623497165519894,"swap_pair_wins":0.625,"z":5.8094750193103755},"name":"SNLI","passed":true},{"details":{"gate_margin":0.4,"gate_z":2.4,"mean_R_correct":1209.0769346693867,"mean_R_swap":1609.4512786555845,"mean_R_wrong":1658.7704971631572,"mean_logR_correct":-1.0524215427509067,"mean_logR_swap":-6.969669157132153,"mean_logR_wrong":-4.04819780193809,"mean_margin":2.9957762591871835,"pair_wins":0.6333333333333333,"phi_proxy_bits":0.2547780545885903,"swap_mean_margin":5.917247614381244,"swap_pair_wins":0.6583333333333333,"z":4.131182235954045},"name":"MNLI","passed":true}],"run":{"ablation":"full","apply_to":"scifact","calibrate_on":"climate_fever","calibration_n":3,"dataset":"all","depth_power":0.0,"fast":false,"mode":"bench","neighbor_k":10,"phase_delta_tau":null,"phase_min_stable_rate":null,"phase_min_tail":null,"scifact_stream_seed":123,"scoring":"crossencoder","seed":123,"stress_min_pass_rate":null,"stress_n":10,"strict":false,"sweep_neighbor_k":"1,3,5,10","verify_n":1,"wrong_checks":"shuffle"},"type":"EmpiricalMetricReceipt","version":1}
