{"results":[{"details":{"gate_margin":0.25,"gate_pair_wins_calibrated":0.865,"gate_z":1.4,"mean_R_correct":23.26434719904751,"mean_R_swap":9.348202777726252,"mean_R_wrong":2.0041462845360165,"mean_logR_correct":-5.44056074113701,"mean_logR_swap":-4.809561431595614,"mean_logR_wrong":-20.05433062194051,"mean_margin":14.613769880803499,"pair_wins":0.85,"phi_proxy_bits":0.9334516972031893,"swap_mean_margin":-0.6309993095413953,"swap_pair_wins":0.55,"z":4.42718872423433},"name":"scifact->snli:SNLI@seed=123","passed":true},{"details":{"gate_margin":0.25,"gate_pair_wins_calibrated":0.865,"gate_z":1.4,"mean_R_correct_end":5.1178789575867185,"mean_R_swap_correct_end":6.810285902640142,"mean_R_swap_wrong_end":3.392107100261324,"mean_R_wrong_end":2.2416861512317663,"mean_dM_correct":2.133425851968328,"mean_dM_wrong":4.679235663444347,"mean_logR_correct_end":-5.985784415645613,"mean_logR_swap_correct_end":-3.684989032358314,"mean_logR_swap_wrong_end":-16.494228840831944,"mean_logR_wrong_end":-16.021728504139734,"mean_margin":10.035944088494121,"pair_wins":0.675,"phi_proxy_bits":1.6590378177258729,"swap_correct_mean_margin_end":-2.3007953832872987,"swap_correct_pair_wins_end":0.4,"swap_wrong_mean_margin_end":10.508444425186335,"swap_wrong_pair_wins_end":0.65,"z":2.213594362117165},"name":"scifact->snli:SNLI-Streaming@seed=123","passed":true}],"run":{"ablation":"full","apply_to":"snli","calibrate_on":"scifact","calibration_n":1,"dataset":"scifact","depth_power":0.0,"fast":true,"mode":"transfer","neighbor_k":10,"phase_delta_tau":null,"phase_min_stable_rate":null,"phase_min_tail":null,"scifact_stream_seed":123,"scoring":"cosine","seed":123,"stress_min_pass_rate":null,"stress_n":10,"strict":false,"sweep_neighbor_k":"1,3,5,10","verify_n":1,"wrong_checks":"dissimilar"},"type":"EmpiricalMetricReceipt","version":1}
