{"results":[{"details":{"gate_margin":0.5,"gate_z":2.0,"mean_R_correct_end":10.698169401246407,"mean_R_swap_correct_end":7.295685301349227,"mean_R_swap_wrong_end":0.022697384014589296,"mean_R_wrong_end":0.0029750987160673545,"mean_dM_correct":2.963597727371886,"mean_dM_wrong":-1.841193639915148,"mean_logR_correct_end":2.101422301611155,"mean_logR_swap_correct_end":0.3231908316385036,"mean_logR_swap_wrong_end":-25.933493603895695,"mean_logR_wrong_end":-25.613085600871045,"mean_margin":27.714507902482197,"mean_neighbor_sim":0.23583628758788108,"pair_wins":1.0,"phi_proxy_bits":1.5558754384248135,"swap_correct_mean_margin_end":1.7782314699726518,"swap_correct_pair_wins_end":0.6875,"swap_wrong_mean_margin_end":28.03491590550685,"swap_wrong_pair_wins_end":1.0,"z":3.999999999998},"name":"SciFact-Streaming","passed":true},{"details":{"gate_margin":0.5,"gate_z":2.0,"mean_R_correct_end":8.694808598637179,"mean_R_swap_correct_end":7.442967423836253,"mean_R_swap_wrong_end":0.00016290204431418465,"mean_R_wrong_end":4.904358415992909e-07,"mean_dM_correct":-0.03289304194453202,"mean_dM_wrong":1.0652010076418215,"mean_logR_correct_end":0.5871528900857911,"mean_logR_swap_correct_end":0.37712890045929015,"mean_logR_swap_wrong_end":-26.23863085970336,"mean_logR_wrong_end":-26.03242740276889,"mean_margin":26.619580292854682,"mean_neighbor_sim":0.2538077384233475,"pair_wins":1.0,"phi_proxy_bits":1.5780559073104816,"swap_correct_mean_margin_end":0.21002398962650098,"swap_correct_pair_wins_end":0.5,"swap_wrong_mean_margin_end":26.825783749789146,"swap_wrong_pair_wins_end":1.0,"z":3.999999999998},"name":"SciFact-Streaming","passed":true},{"details":{"gate_margin":0.5,"gate_z":2.0,"mean_R_correct_end":8.661885394580786,"mean_R_swap_correct_end":6.036120313351561,"mean_R_swap_wrong_end":0.004933587488719067,"mean_R_wrong_end":0.013216847479768002,"mean_dM_correct":-1.7294517545267443,"mean_dM_wrong":-0.7267043635611801,"mean_logR_correct_end":0.19970675074385896,"mean_logR_swap_correct_end":-3.6032099159951185,"mean_logR_swap_wrong_end":-24.959683592492674,"mean_logR_wrong_end":-24.853724089067775,"mean_margin":25.053430839811632,"mean_neighbor_sim":0.24288778603076935,"pair_wins":1.0,"phi_proxy_bits":1.728055907308673,"swap_correct_mean_margin_end":3.802916666738978,"swap_correct_pair_wins_end":0.6875,"swap_wrong_mean_margin_end":25.159390343236534,"swap_wrong_pair_wins_end":1.0,"z":3.999999999998},"name":"SciFact-Streaming","passed":true},{"details":{"gate_margin":0.5,"gate_z":2.0,"mean_R_correct_end":9.654776061096388,"mean_R_swap_correct_end":5.998356536114432,"mean_R_swap_wrong_end":0.35561229898785635,"mean_R_wrong_end":0.0008020738393170661,"mean_dM_correct":0.7702659136487225,"mean_dM_wrong":-0.10888465720989213,"mean_logR_correct_end":0.6592578275456946,"mean_logR_swap_correct_end":-3.2860700951518282,"mean_logR_swap_wrong_end":-23.760393510282114,"mean_logR_wrong_end":-26.133821638921525,"mean_margin":26.793079466467216,"mean_neighbor_sim":0.21930765807628633,"pair_wins":1.0,"phi_proxy_bits":1.5530559073110757,"swap_correct_mean_margin_end":3.9453279226975226,"swap_correct_pair_wins_end":0.5625,"swap_wrong_mean_margin_end":24.41965133782781,"swap_wrong_pair_wins_end":0.9375,"z":3.999999999998},"name":"SciFact-Streaming","passed":true},{"details":{"gate_margin":0.5,"gate_z":2.0,"mean_R_correct_end":8.354180721195782,"mean_R_swap_correct_end":6.193982222074236,"mean_R_swap_wrong_end":1.8840160949490972,"mean_R_wrong_end":0.0011512230303709864,"mean_dM_correct":1.661938265619738,"mean_dM_wrong":1.971213590687455,"mean_logR_correct_end":1.6871542909159776,"mean_logR_swap_correct_end":-0.9527121489815294,"mean_logR_swap_wrong_end":-24.03877772475415,"mean_logR_wrong_end":-23.29595584291735,"mean_margin":24.98311013383333,"mean_neighbor_sim":0.19962533339858055,"pair_wins":1.0,"phi_proxy_bits":1.4497476259805497,"swap_correct_mean_margin_end":2.639866439897507,"swap_correct_pair_wins_end":0.625,"swap_wrong_mean_margin_end":25.725932015670125,"swap_wrong_pair_wins_end":0.9375,"z":3.999999999998},"name":"SciFact-Streaming","passed":true},{"details":{"gate_margin":0.5,"gate_z":2.0,"mean_R_correct_end":7.914354670861156,"mean_R_swap_correct_end":7.070972996942736,"mean_R_swap_wrong_end":0.0012851213087659128,"mean_R_wrong_end":0.002161701074178066,"mean_dM_correct":3.584720090492988,"mean_dM_wrong":-5.6476897384743365,"mean_logR_correct_end":1.4314801966370945,"mean_logR_swap_correct_end":-3.2369765581124077,"mean_logR_swap_wrong_end":-25.65366650808558,"mean_logR_wrong_end":-24.078044486634177,"mean_margin":25.50952468327127,"mean_neighbor_sim":0.2153476383537054,"pair_wins":1.0,"phi_proxy_bits":1.574747625979449,"swap_correct_mean_margin_end":4.668456754749502,"swap_correct_pair_wins_end":0.5,"swap_wrong_mean_margin_end":27.085146704722675,"swap_wrong_pair_wins_end":1.0,"z":3.999999999998},"name":"SciFact-Streaming","passed":true},{"details":{"gate_margin":0.5,"gate_z":2.0,"mean_R_correct_end":10.454537476197677,"mean_R_swap_correct_end":4.31251137097827,"mean_R_swap_wrong_end":0.0027171027261890896,"mean_R_wrong_end":0.0009419452589388204,"mean_dM_correct":4.200861980171277,"mean_dM_wrong":-3.4591379324503633,"mean_logR_correct_end":1.157017878907941,"mean_logR_swap_correct_end":-2.6135818892497937,"mean_logR_swap_wrong_end":-24.294795878749177,"mean_logR_wrong_end":-22.918293293347432,"mean_margin":24.07531117225537,"mean_neighbor_sim":0.2372407466173172,"pair_wins":1.0,"phi_proxy_bits":1.678055907308753,"swap_correct_mean_margin_end":3.770599768157734,"swap_correct_pair_wins_end":0.5625,"swap_wrong_mean_margin_end":25.45181375765712,"swap_wrong_pair_wins_end":1.0,"z":3.999999999998},"name":"SciFact-Streaming","passed":true},{"details":{"gate_margin":0.5,"gate_z":2.0,"mean_R_correct_end":6.149014472849293,"mean_R_swap_correct_end":7.8573812362412925,"mean_R_swap_wrong_end":8.919010096433277e-05,"mean_R_wrong_end":3.1916099711193056e-09,"mean_dM_correct":0.2542709694615246,"mean_dM_wrong":-0.051757990814546906,"mean_logR_correct_end":0.4320574787175477,"mean_logR_swap_correct_end":-0.8984329017100972,"mean_logR_swap_wrong_end":-24.773498805037477,"mean_logR_wrong_end":-25.7771304437619,"mean_margin":26.20918792247945,"mean_neighbor_sim":0.1942932214587927,"pair_wins":1.0,"phi_proxy_bits":1.6374920010867475,"swap_correct_mean_margin_end":1.330490380427645,"swap_correct_pair_wins_end":0.4375,"swap_wrong_mean_margin_end":25.205556283755023,"swap_wrong_pair_wins_end":1.0,"z":3.999999999998},"name":"SciFact-Streaming","passed":true},{"details":{"gate_margin":0.5,"gate_z":2.0,"mean_R_correct_end":7.949114453891293,"mean_R_swap_correct_end":6.606576750884027,"mean_R_swap_wrong_end":0.6046222609493952,"mean_R_wrong_end":8.276003383761103e-10,"mean_dM_correct":-0.8470722532544244,"mean_dM_wrong":-1.6126948842455773,"mean_logR_correct_end":-2.1146545158296375,"mean_logR_swap_correct_end":-3.7640874781027986,"mean_logR_swap_wrong_end":-25.762242462009894,"mean_logR_wrong_end":-26.71798814264874,"mean_margin":24.6033336268191,"mean_neighbor_sim":0.23166074231266975,"pair_wins":1.0,"phi_proxy_bits":1.6030559073099095,"swap_correct_mean_margin_end":1.6494329622731616,"swap_correct_pair_wins_end":0.5625,"swap_wrong_mean_margin_end":23.64758794618026,"swap_wrong_pair_wins_end":0.9375,"z":3.999999999998},"name":"SciFact-Streaming","passed":true},{"details":{"gate_margin":0.5,"gate_z":2.0,"mean_R_correct_end":5.4009393735898445,"mean_R_swap_correct_end":6.91117120770649,"mean_R_swap_wrong_end":1.0735280027210024,"mean_R_wrong_end":4.3429557988605705e-07,"mean_dM_correct":0.2778311746210229,"mean_dM_wrong":1.0702950717719342,"mean_logR_correct_end":-0.20901733289508118,"mean_logR_swap_correct_end":-2.4850007827133758,"mean_logR_swap_wrong_end":-25.127753391382583,"mean_logR_wrong_end":-25.098240479057328,"mean_margin":24.889223146162244,"mean_neighbor_sim":0.2138786345720291,"pair_wins":0.9375,"phi_proxy_bits":1.6374920010869838,"swap_correct_mean_margin_end":2.275983449818295,