{"results":[{"details":{"gate_margin":0.75,"gate_z":2.6,"geom_mean_cos_correct_end":0.7826461632078104,"geom_mean_cos_wrong_end":0.048503762539412895,"geom_mean_margin_end":0.7341424006683978,"geom_mean_pr_check_end":2.494158176543911,"geom_mean_pr_obs_end":3.9096958394119246,"geom_mean_pr_wrong_end":4.1041617216756805,"geom_pair_wins_end":1.0,"geom_qgtl_berry_correct_mean":-0.6305860896878919,"geom_qgtl_berry_margin_mean":-1.5099116325378419,"geom_qgtl_berry_wrong_mean":0.8793255428499499,"geom_qgtl_df_check_mean":2.4941581790373006,"geom_qgtl_df_obs_mean":3.9096958349303916,"geom_qgtl_df_wrong_mean":4.104161731365429,"geom_z_end":10.954451150101322,"inj_mean_margin_end":6.712511566109688,"inj_pair_wins_end":0.6666666666666666,"inj_z_end":3.6514837167004406,"mean_R_correct_end":58.39672535024122,"mean_R_swap_correct_end":35.51300565353553,"mean_R_swap_wrong_end":16.390021829633408,"mean_R_wrong_end":12.9536843157818,"mean_dM_correct":-0.09309278158689474,"mean_dM_wrong":-0.5187425467905907,"mean_logR_correct_end":-1.396451647027152,"mean_logR_swap_correct_end":-5.103589541168144,"mean_logR_swap_wrong_end":-9.265847411555379,"mean_logR_wrong_end":-5.678790653847975,"mean_margin":4.282339006820823,"pair_wins":0.7666666666666667,"phase_delta_tau":0.75,"phase_gate_rate":0.55,"phase_mean_first_cross_frac":0.0708955223880597,"phase_stable_cross_rate":0.5583333333333333,"phi_proxy_bits":1.5872062823030408,"stream_series_summary":{"delta_mean":[3.8566892416171275,4.191392588436142,4.526095935255157,4.7028136781896395,4.721545817239598,4.740277956289549,4.730026865832948,4.719775775376348,4.628187985482603,4.455263496151715,4.2823390068208225],"delta_p25":[4.263256414560601e-14,0.1629725642470219,0.09307926121564826,0.0,0.07069736332166279,0.2906832958445178,0.4249465026378038,0.3099850517094375,0.14827347535335542,0.08113534755285733,0.013997219752359236],"delta_p75":[5.821283466539665,5.937640699815999,6.682281571200074,7.017829435981103,7.085086064680443,6.9217576038948305,6.390075417996502,5.510954027326967,5.24117142331992,5.618903290467612,5.7625387837543425],"grid_n":11},"swap_correct_mean_margin_end":3.7071378941409923,"swap_correct_pair_wins_end":0.6,"swap_wrong_mean_margin_end":7.869395764528227,"swap_wrong_pair_wins_end":0.7416666666666667,"z":5.842373946720705},"name":"SciFact-Streaming","passed":true}],"run":{"ablation":"full","apply_to":"scifact","calibrate_on":"climate_fever","calibration_n":3,"dataset":"scifact","depth_power":0.0,"fast":false,"mode":"stream","neighbor_k":10,"scifact_stream_seed":123,"scoring":"crossencoder","seed":123,"stress_min_pass_rate":null,"stress_n":10,"strict":true,"sweep_neighbor_k":"1,3,5,10","verify_n":1,"wrong_checks":"dissimilar"},"type":"EmpiricalMetricReceipt","version":1}
