{"results":[{"details":{"gate_margin":0.75,"gate_z":2.6,"mean_R_correct_end":58.39672832154183,"mean_R_swap_correct_end":35.51300860952101,"mean_R_swap_wrong_end":4.943302395840413,"mean_R_wrong_end":10.543968114744276,"mean_dM_correct":-0.09309041055816643,"mean_dM_wrong":2.558554194854523,"mean_logR_correct_end":-1.3964499752583586,"mean_logR_swap_correct_end":-5.103589878191614,"mean_logR_swap_wrong_end":-13.208614644247454,"mean_logR_wrong_end":-10.722978203327237,"mean_margin":9.326528228068877,"mean_neighbor_sim":0.3635543532669544,"pair_wins":0.775,"phi_proxy_bits":1.5872062823030408,"swap_correct_mean_margin_end":3.7071399029332563,"swap_correct_pair_wins_end":0.6,"swap_wrong_mean_margin_end":11.812164668989094,"swap_wrong_pair_wins_end":0.8,"z":6.0249481325557275},"name":"SciFact-Streaming","passed":true},{"details":{"gate_margin":0.75,"gate_z":2.6,"mean_R_correct_end":47.526286973546625,"mean_R_swap_correct_end":34.18560603442359,"mean_R_swap_wrong_end":11.880171109040488,"mean_R_wrong_end":5.456805606475943,"mean_dM_correct":-0.882605862768812,"mean_dM_wrong":1.4984901859105697,"mean_logR_correct_end":-2.4259635321870787,"mean_logR_swap_correct_end":-6.088846639417449,"mean_logR_swap_wrong_end":-15.8346503769966,"mean_logR_wrong_end":-14.606449214738578,"mean_margin":12.180485682551499,"mean_neighbor_sim":0.36379933121303715,"pair_wins":0.8,"phi_proxy_bits":1.5504092822459952,"swap_correct_mean_margin_end":3.6628831072303694,"swap_correct_pair_wins_end":0.55,"swap_wrong_mean_margin_end":13.40868684480952,"swap_wrong_pair_wins_end":0.8083333333333333,"z":6.572670690060793},"name":"SciFact-Streaming","passed":true},{"details":{"gate_margin":0.75,"gate_z":2.6,"mean_R_correct_end":46.05310508673846,"mean_R_swap_correct_end":41.200255006479,"mean_R_swap_wrong_end":18.622633214617984,"mean_R_wrong_end":14.649777823734263,"mean_dM_correct":-1.3320235206153466,"mean_dM_wrong":2.763032861795869,"mean_logR_correct_end":-1.384313770032832,"mean_logR_swap_correct_end":-5.8835083139146045,"mean_logR_swap_wrong_end":-14.90440346952405,"mean_logR_wrong_end":-11.700255611788375,"mean_margin":10.315941841755542,"mean_neighbor_sim":0.37262564823031424,"pair_wins":0.7833333333333333,"phi_proxy_bits":1.6012914906003586,"swap_correct_mean_margin_end":4.499194543881773,"swap_correct_pair_wins_end":0.6166666666666667,"swap_wrong_mean_margin_end":13.520089699491217,"swap_wrong_pair_wins_end":0.8166666666666667,"z":6.207522318390749},"name":"SciFact-Streaming","passed":true},{"details":{"gate_margin":0.75,"gate_z":2.6,"mean_R_correct_end":37.351618072202996,"mean_R_swap_correct_end":32.71465314193736,"mean_R_swap_wrong_end":14.28382960564419,"mean_R_wrong_end":10.964914464146604,"mean_dM_correct":-3.37591267655201,"mean_dM_wrong":0.682189332803116,"mean_logR_correct_end":-5.024128970842708,"mean_logR_swap_correct_end":-8.100721917324485,"mean_logR_swap_wrong_end":-14.859557185043654,"mean_logR_wrong_end":-12.886623148119968,"mean_margin":7.862494177277261,"mean_neighbor_sim":0.3634300542374452,"pair_wins":0.7166666666666667,"phi_proxy_bits":1.4770759489135987,"swap_correct_mean_margin_end":3.076592946481777,"swap_correct_pair_wins_end":0.525,"swap_wrong_mean_margin_end":9.835428214200947,"swap_wrong_pair_wins_end":0.725,"z":4.746928831710573},"name":"SciFact-Streaming","passed":true},{"details":{"gate_margin":0.75,"gate_z":2.6,"mean_R_correct_end":45.29442865873607,"mean_R_swap_correct_end":39.06694759403781,"mean_R_swap_wrong_end":32.20987216578114,"mean_R_wrong_end":8.399073527311076,"mean_dM_correct":0.018306013509889852,"mean_dM_wrong":2.3170350900499477,"mean_logR_correct_end":-2.7783776434530885,"mean_logR_swap_correct_end":-7.596637788816291,"mean_logR_swap_wrong_end":-12.466133671579989,"mean_logR_wrong_end":-12.117648676851644,"mean_margin":9.339271033398555,"mean_neighbor_sim":0.37858382041255634,"pair_wins":0.8083333333333333,"phi_proxy_bits":1.5929907406148445,"swap_correct_mean_margin_end":4.818260145363202,"swap_correct_pair_wins_end":0.6333333333333333,"swap_wrong_mean_margin_end":9.6877560281269,"swap_wrong_pair_wins_end":0.7333333333333333,"z":6.755244875895815},"name":"SciFact-Streaming","passed":true},{"details":{"gate_margin":0.75,"gate_z":2.6,"mean_R_correct_end":35.40984171519381,"mean_R_swap_correct_end":25.776821592084424,"mean_R_swap_wrong_end":10.055853593786594,"mean_R_wrong_end":9.825384660118857,"mean_dM_correct":-1.9743592981166884,"mean_dM_wrong":3.0595476082506523,"mean_logR_correct_end":-3.3699582352280992,"mean_logR_swap_correct_end":-5.664860165746971,"mean_logR_swap_wrong_end":-14.249029005477674,"mean_logR_wrong_end":-12.509746136694295,"mean_margin":9.139787901466196,"mean_neighbor_sim":0.3956240136176348,"pair_wins":0.725,"phi_proxy_bits":1.5471411156081005,"swap_correct_mean_margin_end":2.294901930518871,"swap_correct_pair_wins_end":0.525,"swap_wrong_mean_margin_end":10.879070770249571,"swap_wrong_pair_wins_end":0.7666666666666667,"z":4.929503017545595},"name":"SciFact-Streaming","passed":true},{"details":{"gate_min_pass_rate":0.66,"min_mean_R_correct_end":35.40984171519381,"min_mean_R_wrong_end":5.456805606475943,"min_mean_logR_correct_end":-5.024128970842708,"min_mean_logR_wrong_end":-14.606449214738578,"min_mean_margin":7.862494177277261,"min_pair_wins":0.7166666666666667,"min_z":4.746928831710573,"neighbor_k":10.0,"pass_n":6.0,"pass_rate":1.0,"seed_base":123.0,"trials":6.0},"name":"SciFact-Streaming-Stress","passed":true}],"run":{"ablation":"full","apply_to":"scifact","calibrate_on":"climate_fever","calibration_n":3,"dataset":"scifact","depth_power":0.0,"fast":false,"mode":"stress","neighbor_k":10,"scifact_stream_seed":123,"scoring":"crossencoder","seed":123,"stress_min_pass_rate":0.66,"stress_n":6,"strict":true,"sweep_neighbor_k":"1,3,5,10","verify_n":1,"wrong_checks":"neighbor"},"type":"EmpiricalMetricReceipt","version":1}
