{"results":[{"details":{"gate_margin":0.75,"gate_pair_wins_calibrated":0.7145833333333333,"gate_z":2.6,"mean_R_correct":307.3386618073177,"mean_R_swap":242.0459545742339,"mean_R_wrong":14.734003785698958,"mean_logR_correct":-1.9522519660682085,"mean_logR_swap":-5.277598261725264,"mean_logR_wrong":-12.620456595317073,"mean_margin":10.668204629248866,"mean_neighbor_sim":0.32850978982945284,"pair_wins":0.9083333333333333,"phi_proxy_bits":0.40926318750640245,"swap_mean_margin":3.325346295657056,"swap_pair_wins":0.575,"z":8.94613510591608},"name":"snli->scifact:SciFact@seed=123","passed":true},{"details":{"gate_margin":0.75,"gate_pair_wins_calibrated":0.7145833333333333,"gate_z":2.6,"mean_R_correct_end":58.39672042621055,"mean_R_swap_correct_end":35.51299328012077,"mean_R_swap_wrong_end":4.943299409916697,"mean_R_wrong_end":10.543972214792317,"mean_dM_correct":-0.09309019493096736,"mean_dM_wrong":2.558552847543953,"mean_logR_correct_end":-1.396449539930869,"mean_logR_swap_correct_end":-5.1035894735561405,"mean_logR_swap_wrong_end":-13.208614254045793,"mean_logR_wrong_end":-10.722979314931877,"mean_margin":9.326529775001006,"mean_neighbor_sim":0.3635543532669544,"pair_wins":0.775,"phi_proxy_bits":1.5872062823030408,"swap_correct_mean_margin_end":3.707139933625272,"swap_correct_pair_wins_end":0.6,"swap_wrong_mean_margin_end":11.812164714114926,"swap_wrong_pair_wins_end":0.8,"z":6.0249481325557275},"name":"snli->scifact:SciFact-Streaming@seed=123","passed":true},{"details":{"gate_margin":0.75,"gate_pair_wins_calibrated":0.7145833333333333,"gate_z":2.6,"mean_R_correct":210.39564239167308,"mean_R_swap":352.0922388811758,"mean_R_wrong":5.354091111012425,"mean_logR_correct":0.5643420664232047,"mean_logR_swap":-3.941830931761232,"mean_logR_wrong":-12.924813441158468,"mean_margin":13.489155507581673,"mean_neighbor_sim":0.31528510836263496,"pair_wins":0.9333333333333333,"phi_proxy_bits":0.4138294835769509,"swap_mean_margin":4.506172998184437,"swap_pair_wins":0.625,"z":9.493857663421146},"name":"snli->scifact:SciFact@seed=124","passed":true},{"details":{"gate_margin":0.75,"gate_pair_wins_calibrated":0.7145833333333333,"gate_z":2.6,"mean_R_correct_end":58.39672042621055,"mean_R_swap_correct_end":35.51299328012077,"mean_R_swap_wrong_end":4.943299410005578,"mean_R_wrong_end":10.543972236075179,"mean_dM_correct":-0.09309019493096736,"mean_dM_wrong":2.558552628924053,"mean_logR_correct_end":-1.396449539930869,"mean_logR_swap_correct_end":-5.1035894735561405,"mean_logR_swap_wrong_end":-13.20861401043207,"mean_logR_wrong_end":-10.722979242844398,"mean_margin":9.326529702913527,"mean_neighbor_sim":0.3635543532669544,"pair_wins":0.775,"phi_proxy_bits":1.5872062823030408,"swap_correct_mean_margin_end":3.707139933625272,"swap_correct_pair_wins_end":0.6,"swap_wrong_mean_margin_end":11.812164470501203,"swap_wrong_pair_wins_end":0.8,"z":6.0249481325557275},"name":"snli->scifact:SciFact-Streaming@seed=124","passed":true}],"run":{"ablation":"full","apply_to":"scifact","calibrate_on":"snli","calibration_n":2,"dataset":"scifact","depth_power":0.0,"fast":false,"mode":"transfer","neighbor_k":10,"scifact_stream_seed":123,"scoring":"crossencoder","seed":123,"stress_min_pass_rate":null,"stress_n":10,"strict":true,"sweep_neighbor_k":"1,3,5,10","verify_n":2,"wrong_checks":"neighbor"},"type":"EmpiricalMetricReceipt","version":1}
