{"results":[{"details":{"gate_margin":0.75,"gate_z":2.6,"mean_R_correct":307.3386799909503,"mean_R_swap":242.04597140281234,"mean_R_wrong":NaN,"mean_logR_correct":-1.952251920165891,"mean_logR_swap":-5.27759824126789,"mean_logR_wrong":NaN,"mean_margin":NaN,"pair_wins":0.825,"phi_proxy_bits":0.40926318750640245,"swap_mean_margin":3.325346321101998,"swap_pair_wins":0.575,"z":7.120393247565859},"name":"SciFact","passed":false},{"details":{"mean_M_refute_internal":-9.33990398791779,"mean_M_support_internal":3.27719965472034,"negative":0.4666666666666667,"pair_wins":0.6833333333333333},"name":"Climate-FEVER","passed":true},{"details":{"gate_margin":0.4,"gate_z":2.4,"mean_R_correct":134.62757399656044,"mean_R_swap":175.00250819274632,"mean_R_wrong":243.52254813158197,"mean_logR_correct":-2.0025203969814886,"mean_logR_swap":-6.221304683539108,"mean_logR_wrong":-8.1137973905177,"mean_margin":6.111276993536213,"pair_wins":0.5458333333333333,"phi_proxy_bits":0.3587945963954583,"swap_mean_margin":4.21878428655762,"swap_pair_wins":0.575,"z":1.4200938936092027},"name":"SNLI","passed":false},{"details":{"gate_margin":0.4,"gate_z":2.4,"mean_R_correct":1263.10205199565,"mean_R_swap":382.18266935399214,"mean_R_wrong":2225.989117490848,"mean_logR_correct":-0.32949554599265246,"mean_logR_swap":-5.725137662478697,"mean_logR_wrong":-2.813868953730319,"mean_margin":2.484373407737666,"pair_wins":0.45416666666666666,"phi_proxy_bits":0.29412832376638276,"swap_mean_margin":5.395642116486044,"swap_pair_wins":0.65,"z":-1.4200938936092027},"name":"MNLI","passed":false}],"run":{"ablation":"full","apply_to":"scifact","calibrate_on":"climate_fever","calibration_n":3,"dataset":"all","depth_power":0.0,"fast":false,"mode":"bench","neighbor_k":10,"phase_delta_tau":null,"phase_min_stable_rate":null,"phase_min_tail":null,"scifact_stream_seed":123,"scoring":"crossencoder","seed":123,"stress_min_pass_rate":null,"stress_n":10,"strict":false,"sweep_neighbor_k":"1,3,5,10","verify_n":1,"wrong_checks":"paraphrase"},"type":"EmpiricalMetricReceipt","version":1}
