{"results":[{"details":{"gate_margin":0.4,"gate_pair_wins_calibrated":0.775,"gate_z":2.6,"mean_R_correct":119.5660639852202,"mean_R_swap":87.9235762792617,"mean_R_wrong":0.5243883461834273,"mean_logR_correct":-2.4819959726760987,"mean_logR_swap":-7.105493138195994,"mean_logR_wrong":-21.140922343213138,"mean_margin":18.65892637053704,"mean_neighbor_sim":0.5299945014218489,"pair_wins":0.8916666666666667,"phi_proxy_bits":0.46264411660438237,"swap_mean_margin":4.623497165519894,"swap_pair_wins":0.625,"z":12.135347818115006},"name":"scifact->snli:SNLI@seed=123","passed":true},{"details":{"gate_margin":0.4,"gate_pair_wins_calibrated":0.775,"gate_z":2.6,"mean_R_correct_end":15.39879914421778,"mean_R_swap_correct_end":10.852576257051814,"mean_R_swap_wrong_end":2.1740998942672367,"mean_R_wrong_end":2.087509679590652,"mean_dM_correct":-2.828359935326438,"mean_dM_wrong":-0.5076048197500336,"mean_logR_correct_end":-5.46262645146611,"mean_logR_swap_correct_end":-8.974642373281581,"mean_logR_swap_wrong_end":-15.937390608619689,"mean_logR_wrong_end":-15.225292941872999,"mean_margin":9.76266649040689,"mean_neighbor_sim":0.5295245052625736,"pair_wins":0.7583333333333333,"phi_proxy_bits":1.5858201558483709,"swap_correct_mean_margin_end":3.5120159218154723,"swap_correct_pair_wins_end":0.55,"swap_wrong_mean_margin_end":10.474764157153576,"swap_wrong_pair_wins_end":0.7125,"z":8.004165582160962},"name":"scifact->snli:SNLI-Streaming@seed=123","passed":true},{"details":{"gate_margin":0.4,"gate_pair_wins_calibrated":0.775,"gate_z":2.6,"mean_R_correct":245.29612546257104,"mean_R_swap":299.6600880129612,"mean_R_wrong":3.0119419087595025,"mean_logR_correct":-2.4250300943488563,"mean_logR_swap":-7.137754924648505,"mean_logR_wrong":-21.266763809318284,"mean_margin":18.841733714969436,"mean_neighbor_sim":0.5194471245010693,"pair_wins":0.9083333333333333,"phi_proxy_bits":0.2598526931947889,"swap_mean_margin":4.712724830299648,"swap_pair_wins":0.6166666666666667,"z":12.651745597609262},"name":"scifact->snli:SNLI@seed=124","passed":true},{"details":{"gate_margin":0.4,"gate_pair_wins_calibrated":0.775,"gate_z":2.6,"mean_R_correct_end":9.805483771160956,"mean_R_swap_correct_end":7.24930867584614,"mean_R_swap_wrong_end":2.3306174552606054,"mean_R_wrong_end":0.7867422090784991,"mean_dM_correct":-3.058879029587207,"mean_dM_wrong":-0.719727745452079,"mean_logR_correct_end":-6.905954808534141,"mean_logR_swap_correct_end":-10.412426225554903,"mean_logR_swap_wrong_end":-14.842720255270482,"mean_logR_wrong_end":-14.534361940206091,"mean_margin":7.62840713167195,"mean_neighbor_sim":0.5292026984194914,"pair_wins":0.6958333333333333,"phi_proxy_bits":1.5756370759970275,"swap_correct_mean_margin_end":3.506471417020764,"swap_correct_pair_wins_end":0.5625,"swap_wrong_mean_margin_end":7.9367654467363415,"swap_wrong_pair_wins_end":0.6458333333333334,"z":6.067673909057503},"name":"scifact->snli:SNLI-Streaming@seed=124","passed":true}],"run":{"ablation":"full","apply_to":"snli","calibrate_on":"scifact","calibration_n":2,"dataset":"scifact","depth_power":0.0,"fast":false,"mode":"transfer","neighbor_k":10,"scifact_stream_seed":123,"scoring":"crossencoder","seed":123,"stress_min_pass_rate":null,"stress_n":10,"strict":true,"sweep_neighbor_k":"1,3,5,10","verify_n":2,"wrong_checks":"neighbor"},"type":"EmpiricalMetricReceipt","version":1}
