{"results":[{"details":{"gate_margin":0.5,"gate_z":2.0,"geom_mean_cos_correct_end":0.7910030705194031,"geom_mean_cos_wrong_end":0.26556186965002415,"geom_mean_margin_end":0.525441200869379,"geom_mean_pr_check_end":2.505441584541561,"geom_mean_pr_obs_end":3.897176225323716,"geom_mean_pr_wrong_end":2.526819132985004,"geom_pair_wins_end":1.0,"geom_z_end":3.999999999998,"mean_R_correct_end":10.698169401246407,"mean_R_swap_correct_end":7.295685301349227,"mean_R_swap_wrong_end":0.014235484424782938,"mean_R_wrong_end":0.001978096283353763,"mean_dM_correct":2.963597727371886,"mean_dM_wrong":0.1298357542178144,"mean_logR_correct_end":2.101422301611155,"mean_logR_swap_correct_end":0.3231908316385036,"mean_logR_swap_wrong_end":-23.399687273207384,"mean_logR_wrong_end":-26.119576579435453,"mean_margin":28.220998881046604,"mean_neighbor_sim":0.2577637441456318,"pair_wins":1.0,"phi_proxy_bits":1.5558754384248135,"swap_correct_mean_margin_end":1.7782314699726518,"swap_correct_pair_wins_end":0.6875,"swap_wrong_mean_margin_end":25.501109574818535,"swap_wrong_pair_wins_end":1.0,"z":3.999999999998},"name":"SciFact-Streaming","passed":true}],"run":{"ablation":"full","apply_to":"scifact","calibrate_on":"climate_fever","calibration_n":3,"dataset":"scifact","depth_power":0.0,"fast":true,"mode":"stream","neighbor_k":10,"scifact_stream_seed":123,"scoring":"cosine","seed":123,"stress_min_pass_rate":null,"stress_n":10,"strict":false,"sweep_neighbor_k":"1,3,5,10","verify_n":1,"wrong_checks":"neighbor"},"type":"EmpiricalMetricReceipt","version":1}
