{"results":[{"details":{"gate_margin":0.5,"gate_pair_wins_calibrated":0.6925,"gate_z":1.4,"mean_R_correct":12.935958911959892,"mean_R_swap":21.39198962765797,"mean_R_wrong":0.016468794440998965,"mean_logR_correct":-2.0259826038086155,"mean_logR_swap":-3.8770118543635315,"mean_logR_wrong":-23.657727850934272,"mean_margin":21.631745247125654,"pair_wins":1.0,"phi_proxy_bits":1.552724195536668,"swap_mean_margin":1.8510292505549166,"swap_pair_wins":0.65,"z":4.472135954997579},"name":"snli->climate_fever:Climate-FEVER-Intervention@seed=123","passed":true},{"details":{"gate_margin":0.5,"gate_pair_wins_calibrated":0.6925,"gate_z":1.4,"mean_R_correct_end":12.182076834275954,"mean_R_indep_end":0.22541597054513818,"mean_R_swap_correct_end":11.84975756764031,"mean_R_swap_wrong_end":0.000932898797923219,"mean_R_wrong_end":2.9155838244403744,"mean_dM_correct":-5.144867859981349,"mean_dM_wrong":0.8821022968969559,"mean_logR_correct_end":-7.941749734342729,"mean_logR_indep_end":-18.201852187767678,"mean_logR_swap_correct_end":-4.048506824245628,"mean_logR_swap_wrong_end":-24.23062440630393,"mean_logR_wrong_end":-21.946264902758767,"mean_margin":14.004515168416038,"mean_neighbor_sim":NaN,"pair_wins":0.6875,"phase_delta_tau":0.5,"phase_min_tail":2.0,"phase_stable_cross_rate":0.5625,"phi_proxy_bits":1.60385636268225,"stream_series_summary":{"delta_mean":[20.03148532529434,19.338623785138484,18.699851452138073,18.31467927119157,19.0700536806985,20.34117165007019,20.390107309828586,19.959632994635125,18.641658824926544,16.530528752669692,14.00451516841604],"grid_n":11},"swap_correct_mean_margin_end":-3.893242910097102,"swap_correct_pair_wins_end":0.375,"swap_wrong_mean_margin_end":16.288874671961203,"swap_wrong_pair_wins_end":0.75,"z":1.49999999999925},"name":"snli->climate_fever:Climate-FEVER-Streaming@seed=123","passed":true}],"run":{"ablation":"full","apply_to":"climate_fever","calibrate_on":"snli","calibration_n":1,"dataset":"scifact","depth_power":0.0,"fast":true,"mode":"transfer","neighbor_k":10,"phase_delta_tau":null,"phase_min_stable_rate":null,"phase_min_tail":null,"scifact_stream_seed":123,"scoring":"cosine","seed":123,"stress_min_pass_rate":null,"stress_n":10,"strict":false,"sweep_neighbor_k":"1,3,5,10","verify_n":1,"wrong_checks":"dissimilar"},"type":"EmpiricalMetricReceipt","version":1}
