{"results":[{"details":{"gate_margin":0.5,"gate_pair_wins_calibrated":0.755,"gate_z":1.4,"mean_R_correct":35.0773150147989,"mean_R_swap":21.771827777417876,"mean_R_wrong":0.2892508774128968,"mean_logR_correct":-1.2943101222423696,"mean_logR_swap":-2.0755925142126572,"mean_logR_wrong":-22.272488180060133,"mean_margin":20.978178057817765,"pair_wins":0.85,"phi_proxy_bits":1.4854752971454857,"swap_mean_margin":0.7812823919702876,"swap_pair_wins":0.6,"z":3.1304951684983053},"name":"mnli->scifact:SciFact@seed=123","passed":true},{"details":{"gate_margin":0.5,"gate_pair_wins_calibrated":0.755,"gate_z":1.4,"inj_mean_margin_end":3.2178870553260435,"inj_pair_wins_end":0.875,"inj_z_end":2.9999999999985,"mean_R_correct_end":10.698169401246407,"mean_R_swap_correct_end":7.295685301349227,"mean_R_swap_wrong_end":8.360642695395035e-14,"mean_R_wrong_end":6.463662369371832e-39,"mean_dM_correct":2.963597727371886,"mean_dM_wrong":-1.2002211748934393,"mean_logR_correct_end":2.101422301611155,"mean_logR_swap_correct_end":0.3231908316385036,"mean_logR_swap_wrong_end":-27.57794806898173,"mean_logR_wrong_end":-27.631021115928547,"mean_margin":29.732443417539702,"pair_wins":1.0,"phase_delta_tau":0.5,"phase_gate_rate":0.5,"phase_mean_first_cross_frac":0.015625,"phase_min_tail":2.0,"phase_stable_cross_rate":1.0,"phi_proxy_bits":1.5558754384248135,"stream_series_summary":{"delta_mean":[25.56862451527438,26.415300397935518,27.261976280596656,27.907571023685303,28.352084627201464,28.796598230717624,28.92854524924673,29.060492267775835,29.247661305140255,29.49005236133998,29.732443417539702],"delta_p25":[25.840388009949883,25.50365477757756,26.7500806078683,27.237029848511124,26.90572733291929,27.44314685898628,28.224504277227897,28.186729044123418,28.647926720463786,29.057356580485397,29.476821812076697],"delta_p75":[29.86119145495324,29.80155001582326,29.741908576693277,29.74317603076487,29.74697902929583,29.74270319957321,29.817672812480197,30.014099610105184,30.152610765443697,30.22389354906192,30.313541322359754],"grid_n":11},"swap_correct_mean_margin_end":1.7782314699726518,"swap_correct_pair_wins_end":0.6875,"swap_wrong_mean_margin_end":29.679370370592885,"swap_wrong_pair_wins_end":1.0,"z":3.999999999998},"name":"mnli->scifact:SciFact-Streaming@seed=123","passed":true}],"run":{"ablation":"full","apply_to":"scifact","calibrate_on":"mnli","calibration_n":1,"dataset":"scifact","depth_power":0.0,"fast":true,"mode":"transfer","neighbor_k":10,"phase_delta_tau":null,"phase_min_stable_rate":null,"phase_min_tail":null,"scifact_stream_seed":123,"scoring":"cosine","seed":123,"stress_min_pass_rate":null,"stress_n":10,"strict":false,"sweep_neighbor_k":"1,3,5,10","verify_n":1,"wrong_checks":"dissimilar"},"type":"EmpiricalMetricReceipt","version":1}
