{"results":[{"details":{"gate_margin":0.75,"gate_pair_wins_calibrated":0.7716666666666666,"gate_z":2.6,"mean_R_correct":594.1690319725369,"mean_R_swap":140.14230434652026,"mean_R_wrong":125.31691387796212,"mean_logR_correct":-4.12275352667079,"mean_logR_swap":-9.649828275926179,"mean_logR_wrong":-7.482914768636832,"mean_margin":3.3601612419660407,"mean_neighbor_sim":0.5315208993852139,"pair_wins":0.6916666666666667,"phi_proxy_bits":0.5104757157792112,"swap_mean_margin":5.527074749255388,"swap_pair_wins":0.6333333333333333,"z":4.1992062742055065},"name":"snli->climate_fever:Climate-FEVER-Intervention@seed=123","passed":true},{"details":{"gate_margin":0.75,"gate_pair_wins_calibrated":0.7716666666666666,"gate_z":2.6,"mean_R_correct_end":344.5425414808262,"mean_R_swap_correct_end":134.13967195220084,"mean_R_swap_wrong_end":239.7758298097783,"mean_R_wrong_end":169.469632119257,"mean_dM_correct":-1.2558272907316506,"mean_dM_wrong":0.20850256598550665,"mean_logR_correct_end":-4.7608280492617645,"mean_logR_swap_correct_end":-10.927270048316261,"mean_logR_swap_wrong_end":-8.524394428725225,"mean_logR_wrong_end":-6.9133148900009145,"mean_margin":2.152486840739149,"mean_neighbor_sim":0.5735568994922298,"pair_wins":0.625,"phi_proxy_bits":0.0,"swap_correct_mean_margin_end":6.166441999054496,"swap_correct_pair_wins_end":0.65,"swap_wrong_mean_margin_end":3.7635663794634615,"swap_wrong_pair_wins_end":0.5833333333333334,"z":2.7386127875253305},"name":"snli->climate_fever:Climate-FEVER-Streaming@seed=123","passed":true}],"run":{"ablation":"full","apply_to":"climate_fever","calibrate_on":"snli","calibration_n":1,"dataset":"scifact","depth_power":0.0,"fast":false,"mode":"transfer","neighbor_k":10,"scifact_stream_seed":123,"scoring":"crossencoder","seed":123,"stress_min_pass_rate":null,"stress_n":10,"strict":true,"sweep_neighbor_k":"1,3,5,10","verify_n":1,"wrong_checks":"neighbor"},"type":"EmpiricalMetricReceipt","version":1}
