{"results":[{"details":{"gate_margin":0.75,"gate_z":2.6,"mean_R_correct_end":151.7593654214031,"mean_R_indep_end":339.13924416446946,"mean_R_swap_correct_end":159.1071043267572,"mean_R_swap_wrong_end":24.437619785451542,"mean_R_wrong_end":34.35904283368237,"mean_dM_correct":-3.85535766538129,"mean_dM_wrong":-1.3675848684611271,"mean_logR_correct_end":-5.584060147152737,"mean_logR_indep_end":-1.2036895755395283,"mean_logR_swap_correct_end":-12.45530261284454,"mean_logR_swap_wrong_end":-11.27511594026458,"mean_logR_wrong_end":-9.628986052186656,"mean_margin":4.044925905033919,"mean_neighbor_sim":NaN,"pair_wins":0.625,"phase_delta_tau":0.75,"phase_min_tail":2.0,"phase_stable_cross_rate":0.49166666666666664,"phi_proxy_bits":0.0,"stream_series_summary":{"delta_mean":[6.53269870195408,6.573190705514067,6.613682709074052,6.6541747126340365,6.69466671619402,6.735158719754006,6.197112156809989,5.659065593865971,5.121019030921956,4.582972467977938,4.044925905033918],"grid_n":11},"swap_correct_mean_margin_end":6.871242465691802,"swap_correct_pair_wins_end":0.6416666666666667,"swap_wrong_mean_margin_end":5.691055793111844,"swap_wrong_pair_wins_end":0.6,"z":2.7386127875253305},"name":"Climate-FEVER-Streaming","passed":true}],"run":{"ablation":"full","apply_to":"scifact","calibrate_on":"climate_fever","calibration_n":3,"dataset":"climate_fever","depth_power":0.0,"fast":false,"mode":"stream","neighbor_k":10,"phase_delta_tau":null,"phase_min_stable_rate":0.45,"phase_min_tail":2,"scifact_stream_seed":123,"scoring":"crossencoder","seed":123,"stress_min_pass_rate":null,"stress_n":10,"strict":true,"sweep_neighbor_k":"1,3,5,10","verify_n":1,"wrong_checks":"dissimilar"},"type":"EmpiricalMetricReceipt","version":1}
