{"results":[{"details":{"gate_margin":0.75,"gate_z":2.6,"mean_R_correct_end":184.2836196833127,"mean_R_indep_end":225.16738953907011,"mean_R_swap_correct_end":103.64778506172901,"mean_R_swap_wrong_end":68.9493012920361,"mean_R_wrong_end":241.74506958565914,"mean_dM_correct":-7.560793887757345,"mean_dM_wrong":-4.326295685689261,"mean_logR_correct_end":-8.225138916808373,"mean_logR_indep_end":-3.3239510379612427,"mean_logR_swap_correct_end":-14.930138747574313,"mean_logR_swap_wrong_end":-10.694857781946444,"mean_logR_wrong_end":0.5431585766085004,"mean_margin":-8.768297493416874,"mean_neighbor_sim":NaN,"pair_wins":0.325,"phase_delta_tau":0.75,"phase_min_tail":3.0,"phase_stable_cross_rate":0.09166666666666666,"phi_proxy_bits":1.4788068002503962,"stream_series_summary":{"delta_mean":[-5.533799291348788,-5.899014432854541,-6.212856703072425,-6.390495260802122,-5.931771345824976,-5.172557153319436,-4.888400761084514,-4.9331506736440245,-5.781530643324135,-7.13379782188608,-8.768297493416867],"grid_n":11},"swap_correct_mean_margin_end":6.704999830765942,"swap_correct_pair_wins_end":0.5333333333333333,"swap_wrong_mean_margin_end":2.469718865138073,"swap_wrong_pair_wins_end":0.48333333333333334,"z":-3.834057902535463},"name":"Climate-FEVER-Streaming","passed":false},{"details":{"gate_margin":0.75,"gate_z":2.6,"geom_mean_cos_correct_end":0.7826461632078104,"geom_mean_cos_wrong_end":0.9562530178483354,"geom_mean_margin_end":-0.17360685464052508,"geom_mean_pr_check_end":2.494158176543911,"geom_mean_pr_obs_end":3.9096958394119246,"geom_mean_pr_wrong_end":2.6035604738376588,"geom_pair_wins_end":0.0,"geom_z_end":-10.954451150101322,"inj_mean_margin_end":1.6891301998241806,"inj_pair_wins_end":0.5333333333333333,"inj_z_end":0.7302967433400881,"mean_R_correct_end":58.39672535024122,"mean_R_swap_correct_end":35.51300565353553,"mean_R_swap_wrong_end":30.80884145801448,"mean_R_wrong_end":76.179363167665,"mean_dM_correct":-0.09309278158689474,"mean_dM_wrong":-1.2154109746477109,"mean_logR_correct_end":-1.396451647027152,"mean_logR_swap_correct_end":-5.103589541168144,"mean_logR_swap_wrong_end":-4.403150150772752,"mean_logR_wrong_end":2.0941387586458124,"mean_margin":-3.490590405672964,"pair_wins":0.20833333333333334,"phase_delta_tau":0.75,"phase_gate_rate":0.6,"phase_min_tail":3.0,"phase_stable_cross_rate":0.0,"phi_proxy_bits":1.5872062823030408,"stream_series_summary":{"delta_mean":[-4.612908598733779,-4.676597259675552,-4.740285920617329,-4.797092577122148,-4.84701722919002,-4.896941881257888,-4.319326068692407,-3.7417102561269298,-3.460439961009943,-3.475515183341455,-3.490590405672964],"delta_p25":[-4.976528938530906,-5.6904900109204455,-5.18738308201046,-5.827518219087074,-5.314823695939026,-3.7494654872974977,-3.3390551409692417,-3.5639224944337498,-3.4423470989453224,-3.0381373060453765,-3.5005698103571596],"delta_p75":[0.06620786718637994,0.005150935883958714,-0.09386255144796832,-0.2564311749435072,-0.3610709431073177,-0.3244414458635524,-0.206582964465197,-0.15463938810984834,-0.16423179762284937,-0.1597737462604951,-0.020869961737691733],"grid_n":11},"swap_correct_mean_margin_end":3.7071378941409923,"swap_correct_pair_wins_end":0.6,"swap_wrong_mean_margin_end":3.0066985037456004,"swap_wrong_pair_wins_end":0.625,"z":-6.390096504225771},"name":"SciFact-Streaming","passed":false},{"details":{"gate_margin":0.4,"gate_z":2.4,"mean_R_correct_end":15.398799145766876,"mean_R_swap_correct_end":10.852576309120748,"mean_R_swap_wrong_end":8.611582240638901,"mean_R_wrong_end":34.64298467345602,"mean_dM_correct":-2.828360218439918,"mean_dM_wrong":2.5095166894374765,"mean_logR_correct_end":-5.462626450009368,"mean_logR_swap_correct_end":-8.974642364007225,"mean_logR_swap_wrong_end":-9.218135483186527,"mean_logR_wrong_end":2.613282803495626,"mean_margin":-8.075909253504992,"pair_wins":0.0375,"phi_proxy_bits":1.5858201558483709,"swap_correct_mean_margin_end":3.512015913997858,"swap_correct_pair_wins_end":0.55,"swap_wrong_mean_margin_end":3.75550903317716,"swap_wrong_pair_wins_end":0.625,"z":-14.330038380965592},"name":"SNLI-Streaming","passed":false},{"details":{"gate_margin":0.4,"gate_z":2.4,"mean_R_correct_end":206.88044045488297,"mean_R_swap_correct_end":137.5546998511153,"mean_R_swap_wrong_end":112.88041972369935,"mean_R_wrong_end":231.40922719894726,"mean_dM_correct":-0.9523016363992092,"mean_dM_wrong":1.1854989793682884,"mean_logR_correct_end":-2.7200628082003835,"mean_logR_swap_correct_end":-5.751844581564031,"mean_logR_swap_wrong_end":-5.169266998681916,"mean_logR_wrong_end":3.145871192738622,"mean_margin":-5.8659340009390055,"pair_wins":0.0875,"phi_proxy_bits":0.6321266532001545,"swap_correct_mean_margin_end":3.0317817733636474,"swap_correct_pair_wins_end":0.5791666666666667,"swap_wrong_mean_margin_end":2.4492041904815323,"swap_wrong_pair_wins_end":0.55,"z":-12.780845042482825},"name":"MNLI-Streaming","passed":false}],"run":{"ablation":"full","apply_to":"scifact","calibrate_on":"climate_fever","calibration_n":3,"dataset":"all","depth_power":0.0,"fast":false,"mode":"stream","neighbor_k":10,"phase_delta_tau":null,"phase_min_stable_rate":null,"phase_min_tail":null,"scifact_stream_seed":123,"scoring":"crossencoder","seed":123,"stress_min_pass_rate":null,"stress_n":10,"strict":false,"sweep_neighbor_k":"1,3,5,10","verify_n":1,"wrong_checks":"shuffle"},"type":"EmpiricalMetricReceipt","version":1}
