{"results":[{"details":{"gate_margin":0.75,"gate_pair_wins_calibrated":0.6129166666666667,"gate_z":2.6,"mean_R_correct":594.172997966198,"mean_R_swap":140.14192792653955,"mean_R_wrong":92.19818941516492,"mean_logR_correct":-4.122774305119214,"mean_logR_swap":-9.649829111737729,"mean_logR_wrong":-10.430390994247492,"mean_margin":6.307616689128278,"pair_wins":0.6916666666666667,"phi_proxy_bits":0.5104757157792112,"swap_mean_margin":5.527054806618517,"swap_pair_wins":0.6333333333333333,"z":4.1992062742055065},"name":"mnli->climate_fever:Climate-FEVER-Intervention@seed=123","passed":true},{"details":{"gate_margin":0.75,"gate_pair_wins_calibrated":0.6129166666666667,"gate_z":2.6,"mean_R_correct_end":189.63338079868626,"mean_R_indep_end":231.7168887361216,"mean_R_swap_correct_end":77.9158594448588,"mean_R_swap_wrong_end":1.8242507924092757,"mean_R_wrong_end":3.5929511922445427,"mean_dM_correct":-6.521213063453477,"mean_dM_wrong":0.5337665095311757,"mean_logR_correct_end":-7.518007778059249,"mean_logR_indep_end":-4.089418177925888,"mean_logR_swap_correct_end":-14.433354290268996,"mean_logR_swap_wrong_end":-19.3561164893173,"mean_logR_wrong_end":-17.169387646633936,"mean_margin":9.651379868574685,"mean_neighbor_sim":NaN,"pair_wins":0.65,"phase_delta_tau":0.75,"phase_min_tail":3.0,"phase_stable_cross_rate":0.5583333333333333,"phi_proxy_bits":1.5060794612044348,"stream_series_summary":{"delta_mean":[16.70635944155934,16.35607263537423,15.942346800474011,15.396660793394593,15.352450829644406,15.479829890579898,15.43781375270502,14.941211071493543,13.556438175430511,11.75392822006146,9.651379868574686],"grid_n":11},"swap_correct_mean_margin_end":6.915346512209748,"swap_correct_pair_wins_end":0.5583333333333333,"swap_wrong_mean_margin_end":11.838108711258052,"swap_wrong_pair_wins_end":0.675,"z":3.2863353450303965},"name":"mnli->climate_fever:Climate-FEVER-Streaming@seed=123","passed":true}],"run":{"ablation":"full","apply_to":"climate_fever","calibrate_on":"mnli","calibration_n":1,"dataset":"scifact","depth_power":0.0,"fast":false,"mode":"transfer","neighbor_k":10,"phase_delta_tau":null,"phase_min_stable_rate":null,"phase_min_tail":null,"scifact_stream_seed":123,"scoring":"crossencoder","seed":123,"stress_min_pass_rate":null,"stress_n":10,"strict":false,"sweep_neighbor_k":"1,3,5,10","verify_n":1,"wrong_checks":"dissimilar"},"type":"EmpiricalMetricReceipt","version":1}
