{"results":[{"details":{"gate_margin":0.75,"gate_pair_wins_calibrated":0.6316666666666667,"gate_z":2.6,"mean_R_correct":307.3386618073177,"mean_R_swap":242.0459545742339,"mean_R_wrong":14.734003785698958,"mean_logR_correct":-1.9522519660682085,"mean_logR_swap":-5.277598261725264,"mean_logR_wrong":-12.620456595317073,"mean_margin":10.668204629248866,"mean_neighbor_sim":0.32850978982945284,"pair_wins":0.9083333333333333,"phi_proxy_bits":0.40926318750640245,"swap_mean_margin":3.325346295657056,"swap_pair_wins":0.575,"z":8.94613510591608},"name":"climate_fever->scifact:SciFact@seed=123","passed":true},{"details":{"gate_margin":0.75,"gate_pair_wins_calibrated":0.6316666666666667,"gate_z":2.6,"mean_R_correct_end":58.39672042621055,"mean_R_swap_correct_end":35.51299328012077,"mean_R_swap_wrong_end":23.347533760931174,"mean_R_wrong_end":23.508517839769738,"mean_dM_correct":-0.09309019493096736,"mean_dM_wrong":-1.0521210654053572,"mean_logR_correct_end":-1.396449539930869,"mean_logR_swap_correct_end":-5.1035894735561405,"mean_logR_swap_wrong_end":-4.430163462015859,"mean_logR_wrong_end":-2.523607719369605,"mean_margin":1.127158179438736,"mean_neighbor_sim":0.3449620551119248,"pair_wins":0.675,"phi_proxy_bits":1.5872062823030408,"swap_correct_mean_margin_end":3.707139933625272,"swap_correct_pair_wins_end":0.6,"swap_wrong_mean_margin_end":3.03371392208499,"swap_wrong_pair_wins_end":0.65,"z":3.834057902535463},"name":"climate_fever->scifact:SciFact-Streaming@seed=123","passed":true},{"details":{"gate_margin":0.4,"gate_pair_wins_calibrated":0.6316666666666667,"gate_z":2.6,"mean_R_correct":119.5660639852202,"mean_R_swap":87.9235762792617,"mean_R_wrong":0.5243883461834273,"mean_logR_correct":-2.4819959726760987,"mean_logR_swap":-7.105493138195994,"mean_logR_wrong":-21.140922343213138,"mean_margin":18.65892637053704,"mean_neighbor_sim":0.5299945014218489,"pair_wins":0.8916666666666667,"phi_proxy_bits":0.46264411660438237,"swap_mean_margin":4.623497165519894,"swap_pair_wins":0.625,"z":12.135347818115006},"name":"climate_fever->snli:SNLI@seed=123","passed":true},{"details":{"gate_margin":0.4,"gate_pair_wins_calibrated":0.6316666666666667,"gate_z":2.6,"mean_R_correct_end":15.39879914421778,"mean_R_swap_correct_end":10.852576257051814,"mean_R_swap_wrong_end":2.1740998942672367,"mean_R_wrong_end":2.087509679590652,"mean_dM_correct":-2.828359935326438,"mean_dM_wrong":-0.5076048197500336,"mean_logR_correct_end":-5.46262645146611,"mean_logR_swap_correct_end":-8.974642373281581,"mean_logR_swap_wrong_end":-15.937390608619689,"mean_logR_wrong_end":-15.225292941872999,"mean_margin":9.76266649040689,"mean_neighbor_sim":0.5295245052625736,"pair_wins":0.7583333333333333,"phi_proxy_bits":1.5858201558483709,"swap_correct_mean_margin_end":3.5120159218154723,"swap_correct_pair_wins_end":0.55,"swap_wrong_mean_margin_end":10.474764157153576,"swap_wrong_pair_wins_end":0.7125,"z":8.004165582160962},"name":"climate_fever->snli:SNLI-Streaming@seed=123","passed":true},{"details":{"gate_margin":0.75,"gate_pair_wins_calibrated":0.6983333333333334,"gate_z":2.6,"mean_R_correct":594.1690319725369,"mean_R_swap":140.14230434652026,"mean_R_wrong":125.31691387796212,"mean_logR_correct":-4.12275352667079,"mean_logR_swap":-9.649828275926179,"mean_logR_wrong":-7.482914768636832,"mean_margin":3.3601612419660407,"mean_neighbor_sim":0.5315208993852139,"pair_wins":0.6916666666666667,"phi_proxy_bits":0.5104757157792112,"swap_mean_margin":5.527074749255388,"swap_pair_wins":0.6333333333333333,"z":4.1992062742055065},"name":"scifact->climate_fever:Climate-FEVER-Intervention@seed=123","passed":true},{"details":{"gate_margin":0.75,"gate_pair_wins_calibrated":0.6983333333333334,"gate_z":2.6,"mean_R_correct_end":344.5425414808262,"mean_R_swap_correct_end":134.13967195220084,"mean_R_swap_wrong_end":239.7758298097783,"mean_R_wrong_end":169.469632119257,"mean_dM_correct":-1.2558272907316506,"mean_dM_wrong":0.20850256598550665,"mean_logR_correct_end":-4.7608280492617645,"mean_logR_swap_correct_end":-10.927270048316261,"mean_logR_swap_wrong_end":-8.524394428725225,"mean_logR_wrong_end":-6.9133148900009145,"mean_margin":2.152486840739149,"mean_neighbor_sim":0.5735568994922298,"pair_wins":0.625,"phi_proxy_bits":0.0,"swap_correct_mean_margin_end":6.166441999054496,"swap_correct_pair_wins_end":0.65,"swap_wrong_mean_margin_end":3.7635663794634615,"swap_wrong_pair_wins_end":0.5833333333333334,"z":2.7386127875253305},"name":"scifact->climate_fever:Climate-FEVER-Streaming@seed=123","passed":true},{"details":{"gate_margin":0.4,"gate_pair_wins_calibrated":0.6983333333333334,"gate_z":2.6,"mean_R_correct":119.5660639852202,"mean_R_swap":87.9235762792617,"mean_R_wrong":0.5243883461834273,"mean_logR_correct":-2.4819959726760987,"mean_logR_swap":-7.105493138195994,"mean_logR_wrong":-21.140922343213138,"mean_margin":18.65892637053704,"mean_neighbor_sim":0.5299945014218489,"pair_wins":0.8916666666666667,"phi_proxy_bits":0.46264411660438237,"swap_mean_margin":4.623497165519894,"swap_pair_wins":0.625,"z":12.135347818115006},"name":"scifact->snli:SNLI@seed=123","passed":true},{"details":{"gate_margin":0.4,"gate_pair_wins_calibrated":0.6983333333333334,"gate_z":2.6,"mean_R_correct_end":15.398799145664766,"mean_R_swap_correct_end":10.852576256778745,"mean_R_swap_wrong_end":2.1740998942672367,"mean_R_wrong_end":2.087509679468067,"mean_dM_correct":-2.828359935517881,"mean_dM_wrong":-0.5076048198618062,"mean_logR_correct_end":-5.462626451340072,"mean_logR_swap_correct_end":-8.974642364575505,"mean_logR_swap_wrong_end":-15.937390608768617,"mean_logR_wrong_end":-15.22529294191337,"mean_margin":9.762666490573299,"mean_neighbor_sim":0.5295245052625736,"pair_wins":0.7583333333333333,"phi_proxy_bits":1.5858201558483709,"swap_correct_mean_margin_end":3.512015913235431,"swap_correct_pair_wins_end":0.55,"swap_wrong_mean_margin_end":10.474764157428543,"swap_wrong_pair_wins_end":0.7125,"z":8.004165582160962},"name":"scifact->snli:SNLI-Streaming@seed=123","passed":true},{"details":{"gate_margin":0.75,"gate_pair_wins_calibrated":0.7716666666666666,"gate_z":2.6,"mean_R_correct":594.1690319725369,"mean_R_swap":140.14230434652026,"mean_R_wrong":125.31691387796212,"mean_logR_correct":-4.12275352667079,"mean_logR_swap":-9.649828275926179,"mean_logR_wrong":-7.482914768636832,"mean_margin":3.3601612419660407,"mean_neighbor_sim":0.5315208993852139,"pair_wins":0.6916666666666667,"phi_proxy_bits":0.5104757157792112,"swap_mean_margin":5.527074749255388,"swap_pair_wins":0.6333333333333333,"z":4.1992062742055065},"name":"snli->climate_fever:Climate-FEVER-Intervention@seed=123","passed":true},{"details":{"gate_margin":0.75,"gate_pair_wins_calibrated":0.7716666666666666,"gate_z":2.6,"mean_R_correct_end":344.5425414808262,"mean_R_swap_correct_end":134.13967195220084,"mean_R_swap_wrong_end":239.7758298097783,"mean_R_wrong_end":169.469632119257,"mean_dM_correct":-1.2558272907316506,"mean_dM_wrong":0.20850256598550665,"mean_logR_correct_end":-4.7608280492617645,"mean_logR_swap_correct_end":-10.927270048316261,"mean_logR_swap_wrong_end":-8.524394428725225,"mean_logR_wrong_end":-6.9133148900009145,"mean_margin":2.152486840739149,"mean_neighbor_sim":0.5735568994922298,"pair_wins":0.625,"phi_proxy_bits":0.0,"swap_correct_mean_margin_end":6.166441999054496,"swap_correct_pair_wins_end":0.65,"swap_wrong_mean_margin_end":3.7635663794634615,"swap_wrong_pair_wins_end":0.5833333333333334,"z":2.7386127875253305},"name":"snli->climate_fever:Climate-FEVER-Streaming@seed=123","passed":true},{"details":{"gate_margin":0.75,"gate_pair_wins_calibrated":0.7716666666666666,"gate_z":2.6,"mean_R_correct":307.3386618073177,"mean_R_swap":242.0459545742339,"mean_R_wrong":14.734003785698958,"mean_logR_correct":-1.9522519660682085,"mean_logR_swap":-5.277598261725264,"mean_logR_wrong":-12.620456595317073,"mean_margin":10.668204629248866,"mean_neighbor_sim":0.32850978982945284,"pair_wins":0.9083333333333333,"phi_proxy_bits":0.40926318750640245,"swap_mean_margin":3.325346295657056,"swap_pair_wins":0.575,