{"results":[{"geometry":{"geom_mean_cos_correct_end":0.7826461632078104,"geom_mean_cos_wrong_end":0.048503762539412895,"geom_mean_margin_end":0.7341424006683978,"geom_mean_pr_check_end":2.494158176543911,"geom_mean_pr_obs_end":3.9096958394119246,"geom_mean_pr_wrong_end":4.1041617216756805,"geom_pair_wins_end":1.0,"geom_qgtl_berry_correct_mean":-0.6305860896878919,"geom_qgtl_berry_margin_mean":-1.5099116325378419,"geom_qgtl_berry_wrong_mean":0.8793255428499499,"geom_qgtl_df_check_mean":2.4941581790373006,"geom_qgtl_df_obs_mean":3.9096958349303916,"geom_qgtl_df_wrong_mean":4.104161731365429,"geom_z_end":10.954451150101322},"name":"SciFact-Streaming","passed":true}],"run":{"dataset":"scifact","fast":false,"mode":"stream","neighbor_k":10,"require_geometry_gate":true,"scoring":"crossencoder","seed":123,"strict":true,"wrong_checks":"dissimilar"},"type":"GeometrySummary","version":1}
