{
  "per_trial": [
    {
      "gate_margin": 0.75,
      "gate_z": 2.6,
      "mean_R_correct_end": 58.39673247886904,
      "mean_R_swap_correct_end": 35.51300621706718,
      "mean_R_swap_wrong_end": 4.94330178364511,
      "mean_R_wrong_end": 10.543967740882602,
      "mean_dM_correct": -0.09309061863759092,
      "mean_dM_wrong": 2.5585536724673505,
      "mean_logR_correct_end": -1.396449976557616,
      "mean_logR_swap_correct_end": -5.103589926560754,
      "mean_logR_swap_wrong_end": -13.20861529519423,
      "mean_logR_wrong_end": -10.722978393846223,
      "mean_margin": 9.326528417288607,
      "mean_neighbor_sim": 0.3635543550054232,
      "pair_wins": 0.775,
      "phi_proxy_bits": 1.5872062823030408,
      "seed": 123.0,
      "swap_correct_mean_margin_end": 3.7071399500031377,
      "swap_correct_pair_wins_end": 0.6,
      "swap_wrong_mean_margin_end": 11.812165318636612,
      "swap_wrong_pair_wins_end": 0.8,
      "z": 6.0249481325557275
    },
    {
      "gate_margin": 0.75,
      "gate_z": 2.6,
      "mean_R_correct_end": 47.526282056221326,
      "mean_R_swap_correct_end": 34.18560545438097,
      "mean_R_swap_wrong_end": 11.880168180954957,
      "mean_R_wrong_end": 5.456805593265125,
      "mean_dM_correct": -0.8826058820538346,
      "mean_dM_wrong": 1.498489700787167,
      "mean_logR_correct_end": -2.4259636246228324,
      "mean_logR_swap_correct_end": -6.088846723255939,
      "mean_logR_swap_wrong_end": -15.834650336586558,
      "mean_logR_wrong_end": -14.60644943601203,
      "mean_margin": 12.180485811389193,
      "mean_neighbor_sim": 0.36379933295150596,
      "pair_wins": 0.8,
      "phi_proxy_bits": 1.5504092822459952,
      "seed": 124.0,
      "swap_correct_mean_margin_end": 3.6628830986331065,
      "swap_correct_pair_wins_end": 0.55,
      "swap_wrong_mean_margin_end": 13.408686711963725,
      "swap_wrong_pair_wins_end": 0.8083333333333333,
      "z": 6.572670690060793
    },
    {
      "gate_margin": 0.75,
      "gate_z": 2.6,
      "mean_R_correct_end": 46.05310753755633,
      "mean_R_swap_correct_end": 41.20025545754244,
      "mean_R_swap_wrong_end": 18.62262862558066,
      "mean_R_wrong_end": 14.649777941054987,
      "mean_dM_correct": -1.332023093578159,
      "mean_dM_wrong": 2.763032644243984,
      "mean_logR_correct_end": -1.3843136485841347,
      "mean_logR_swap_correct_end": -5.883507776563841,
      "mean_logR_swap_wrong_end": -14.90440347938094,
      "mean_logR_wrong_end": -11.700255881460974,
      "mean_margin": 10.315942232876838,
      "mean_neighbor_sim": 0.3726256474852562,
      "pair_wins": 0.7833333333333333,
      "phi_proxy_bits": 1.6012914906003586,
      "seed": 125.0,
      "swap_correct_mean_margin_end": 4.499194127979705,
      "swap_correct_pair_wins_end": 0.6166666666666667,
      "swap_wrong_mean_margin_end": 13.520089830796808,
      "swap_wrong_pair_wins_end": 0.8166666666666667,
      "z": 6.207522318390749
    },
    {
      "gate_margin": 0.75,
      "gate_z": 2.6,
      "mean_R_correct_end": 37.35162011472599,
      "mean_R_swap_correct_end": 32.714656000373665,
      "mean_R_swap_wrong_end": 14.178890689040168,
      "mean_R_wrong_end": 11.148584992854571,
      "mean_dM_correct": -3.3759126652842837,
      "mean_dM_wrong": 0.9127853309064324,
      "mean_logR_correct_end": -5.024128953137356,
      "mean_logR_swap_correct_end": -8.100721828180241,
      "mean_logR_swap_wrong_end": -15.298957598618195,
      "mean_logR_wrong_end": -12.874018920429554,
      "mean_margin": 7.8498899672921985,
      "mean_neighbor_sim": 0.36045231608053047,
      "pair_wins": 0.6833333333333333,
      "phi_proxy_bits": 1.4770759489135987,
      "seed": 126.0,
      "swap_correct_mean_margin_end": 3.076592875042885,
      "swap_correct_pair_wins_end": 0.525,
      "swap_wrong_mean_margin_end": 10.27482864548084,
      "swap_wrong_pair_wins_end": 0.725,
      "z": 4.016632088370485
    },
    {
      "gate_margin": 0.75,
      "gate_z": 2.6,
      "mean_R_correct_end": 45.29442725207106,
      "mean_R_swap_correct_end": 39.0669469171842,
      "mean_R_swap_wrong_end": 32.20987065950867,
      "mean_R_wrong_end": 8.39907208120565,
      "mean_dM_correct": 0.01830619682457719,
      "mean_dM_wrong": 2.3170372978800375,
      "mean_logR_correct_end": -2.778377600429486,
      "mean_logR_swap_correct_end": -7.596637804283966,
      "mean_logR_swap_wrong_end": -12.466133927737904,
      "mean_logR_wrong_end": -12.117648311822371,
      "mean_margin": 9.339270711392885,
      "mean_neighbor_sim": 0.37858382028838,
      "pair_wins": 0.8083333333333333,
      "phi_proxy_bits": 1.5929907406148445,
      "seed": 127.0,
      "swap_correct_mean_margin_end": 4.8182602038544795,
      "swap_correct_pair_wins_end": 0.6333333333333333,
      "swap_wrong_mean_margin_end": 9.687756327308417,
      "swap_wrong_pair_wins_end": 0.7333333333333333,
      "z": 6.755244875895815
    },
    {
      "gate_margin": 0.75,
      "gate_z": 2.6,
      "mean_R_correct_end": 35.40984424012659,
      "mean_R_swap_correct_end": 25.776824533136484,
      "mean_R_swap_wrong_end": 10.05585339328693,
      "mean_R_wrong_end": 9.825384383223305,
      "mean_dM_correct": -1.9743591464735661,
      "mean_dM_wrong": 3.0595471955729763,
      "mean_logR_correct_end": -3.369957995598348,
      "mean_logR_swap_correct_end": -5.664860051576117,
      "mean_logR_swap_wrong_end": -14.249028627744401,
      "mean_logR_wrong_end": -12.509745752118938,
      "mean_margin": 9.139787756520589,
      "mean_neighbor_sim": 0.39562401436269284,
      "pair_wins": 0.725,
      "phi_proxy_bits": 1.5471411156081005,
      "seed": 128.0,
      "swap_correct_mean_margin_end": 2.294902055977769,
      "swap_correct_pair_wins_end": 0.525,
      "swap_wrong_mean_margin_end": 10.879070632146052,
      "swap_wrong_pair_wins_end": 0.7666666666666667,
      "z": 4.929503017545595
    },
    {
      "gate_margin": 0.75,
      "gate_z": 2.6,
      "mean_R_correct_end": 42.5026764673114,
      "mean_R_swap_correct_end": 26.929584403274728,
      "mean_R_swap_wrong_end": 22.224307620790537,
      "mean_R_wrong_end": 6.658390906352772,
      "mean_dM_correct": -1.0410676032653723,
      "mean_dM_wrong": -0.5644831345250665,
      "mean_logR_correct_end": -4.096533514147297,
      "mean_logR_swap_correct_end": -7.220218391408687,
      "mean_logR_swap_wrong_end": -14.675696595371024,
      "mean_logR_wrong_end": -15.877688676174863,
      "mean_margin": 11.781155162027565,
      "mean_neighbor_sim": 0.35372291480501494,
      "pair_wins": 0.8083333333333333,
      "phi_proxy_bits": 1.6075170530893812,
      "seed": 129.0,
      "swap_correct_mean_margin_end": 3.123684877261389,
      "swap_correct_pair_wins_end": 0.5416666666666666,
      "swap_wrong_mean_margin_end": 10.579163081223726,
      "swap_wrong_pair_wins_end": 0.7583333333333333,
      "z": 6.755244875895815
    },
    {
      "gate_margin": 0.75,
      "gate_z": 2.6,
      "mean_R_correct_end": 48.922189463988204,
      "mean_R_swap_correct_end": 41.94106541423754,
      "mean_R_swap_wrong_end": 23.303877961177403,
      "mean_R_wrong_end": 14.379636443697224,
      "mean_dM_correct": -1.9706563568658015,
      "mean_dM_wrong": 1.7275527136665845,
      "mean_logR_correct_end": -2.3839363359049175,
      "mean_logR_swap_correct_end": -5.701545878213329,
      "mean_logR_swap_wrong_end": -15.46005323614825,
      "mean_logR_wrong_end": -11.463731814459306,
      "mean_margin": 9.079795478554392,
      "mean_neighbor_sim": 0.3552272954334815,
      "pair_wins": 0.75,
      "phi_proxy_bits": 1.49411855306183,
      "seed": 130.0,
      "swap_correct_mean_margin_end": 3.317609542308413,
      "swap_correct_pair_wins_end": 0.6333333333333333,
      "swap_wrong_mean_margin_end": 13.076116900243335,
      "swap_wrong_pair_wins_end": 0.7833333333333333,
      "z": 5.477225575050661
    },
    {
      "gate_margin": 0.75,
      "gate_z": 2.6,
      "mean_R_correct_end": 39.26475764344017,