{
  "constants": {
    "8e": 21.74625462767236,
    "7pi": 21.991148575128552,
    "22": 22.0
  },
  "datasets": {
    "all_data": {
      "n": 43,
      "mean": 21.51889144919862,
      "std": 1.3098824036940497,
      "mae_8e": 0.8578966829849709,
      "mae_7pi": 0.8870890102834409,
      "mae_22": 0.8901767166339457
    },
    "core_text": {
      "n": 21,
      "mean": 21.890949327222522,
      "std": 0.6345509954454367,
      "mae_8e": 0.4636680520575836,
      "mae_7pi": 0.4985666337599583,
      "mae_22": 0.5006741158722079
    },
    "q48_original": {
      "n": 6,
      "mean": 21.84223340129005,
      "std": 0.5872490781242591,
      "mae_8e": 0.44928845453591154,
      "mae_7pi": 0.42228429101593196,
      "mae_22": 0.42228429101593196
    }
  },
  "raw_data": {
    "q48_MiniLM": 21.779214400968385,
    "q48_MPNet": 22.18087955172024,
    "q48_ParaMiniLM": 21.794307344936275,
    "q48_DistilRoBERTa": 22.005244897747414,
    "q48_GloVe-100": 20.6863255849177,
    "q48_GloVe-300": 22.6074286274503,
    "q50_text_MiniLM-L6": 21.779214400968385,
    "q50_text_MPNet-base": 22.18087955172024,
    "q50_text_BERT-base-NLI": 20.99741939694384,
    "q50_text_DistilBERT-NLI": 21.56512822676874,
    "q50_text_MiniLM-Paraphrase": 21.79430735244064,
    "q50_text_MPNet-Paraphrase": 21.543126414883236,
    "q50_text_E5-small": 22.616085150920732,
    "q50_text_E5-base": 23.433516052132628,
    "q50_text_BGE-small": 22.937379439140937,
    "q50_text_BGE-base": 21.684994306560757,
    "q50_text_GTE-small": 21.60380581668398,
    "q50_text_GTE-base": 20.900261646826145,
    "q50_text_MiniLM-L12": 21.63975542646652,
    "q50_text_mMiniLM-L12": 22.150632881662144,
    "q50_text_mDistilUSE": 21.83002939981366,
    "q50_multi_CLIP-ViT-B-32": 23.467889517082746,
    "q50_multi_CLIP-ViT-B-16": 23.535064993359562,
    "q50_multi_CLIP-ViT-L-14": 22.962213476421752,
    "q50_code_MiniLM-code": 21.73890146531275,
    "q50_code_MPNet-code": 21.932029067672563,
    "q50_instruct_BGE-small-instruct": 19.42164633881409,
    "q50_instruct_E5-small-instruct": 19.476090938707337,
    "q50_instruct_GTR-T5-base": 19.733876108950806,
    "q50_instruct_ST5-base": 16.713013274745126,
    "q20_MiniLM-L6-code-q20": 19.368819755069275,
    "q20_MPNet-code-q20": 19.50983619465905,
    "q20_Para-MiniLM-code-q20": 19.033265971731723,
    "q49_vocab_1": 21.117413842469105,
    "q49_vocab_2": 21.8965374111596,
    "q49_vocab_3": 22.216276856852478,
    "q49_vocab_4": 21.941971866676877,
    "q49_vocab_5": 21.848611245723024,
    "q49_vocab_6": 22.444024981959117,
    "q49_vocab_7": 21.957850302525408,
    "q49_vocab_8": 21.863797680515482,
    "q49_vocab_9": 21.365815566229916,
    "q49_vocab_10": 22.057449587229787
  }
}