{
  "test": "Q48_RIEMANN_BRIDGE",
  "timestamp": "2026-01-15T14:30:07.380215Z",
  "models_tested": [
    "MiniLM",
    "MPNet",
    "GloVe-100"
  ],
  "results": {
    "MiniLM": {
      "n_eigenvalues": 384,
      "df": 45.545276741760944,
      "kl_gue": 1.4623153164360623,
      "kl_goe": 0.8805992123898482,
      "kl_poisson": 0.3716168147046464,
      "level_repulsion": 1.4333333333333333,
      "best_match": "Poisson",
      "eigenvalues_top10": [
        0.040975333767585456,
        0.03038871418377432,
        0.02668116687311644,
        0.02269384896624341,
        0.021673061143700524,
        0.019839924267831717,
        0.019274456696712367,
        0.017874266438923456,
        0.016459388676525095,
        0.015633722715008864
      ],
      "spacings_sample": [
        0.3371740889776775,
        0.32220665267278414,
        0.5018972560574632,
        0.1191490124284165,
        0.24339330116288402,
        0.3661015124619017,
        0.2116005775758632,
        0.13777457206542743,
        0.13832738746502254,
        0.23941847353370188,
        0.22300119080992747,
        0.2286654886048297,
        0.6545840887940495,
        0.15819497765398605,
        0.18595315154828332,
        0.23819160935530403,
        0.4110751695849656,
        0.2190381771817756,
        0.20442077834813993,
        0.32781942207596537
      ]
    },
    "MPNet": {
      "n_eigenvalues": 768,
      "df": 45.40061988029207,
      "kl_gue": 1.668056779052105,
      "kl_goe": 1.0079392348162537,
      "kl_poisson": 0.38965252540660744,
      "level_repulsion": 1.8076923076923077,
      "best_match": "Poisson",
      "eigenvalues_top10": [
        0.04518338748679469,
        0.03687814808950274,
        0.028735976684210934,
        0.024195823787032514,
        0.021952619508054706,
        0.021590547306294137,
        0.01992314848927013,
        0.019159709470647178,
        0.01870915223930028,
        0.0182356009507347
      ],
      "spacings_sample": [
        0.31993752610103326,
        0.4380242257982776,
        0.14191972521758445,
        0.39691062071241107,
        0.16325887743853815,
        0.4732328897116987,
        0.22787971208371707,
        0.07709098241811252,
        0.1331404833984204,
        0.25234025943376587,
        0.2089965923285173,
        0.1041017114817416,
        0.3087544383063821,
        0.3406952148857278,
        0.17660525925565743,
        0.2764099460228508,
        0.1134618573279135,
        0.2991252370848097,
        0.07106281950683417,
        0.27165343250491303
      ]
    },
    "GloVe-100": {
      "n_eigenvalues": 100,
      "df": 24.636225939499933,
      "kl_gue": 2.8217878248706976,
      "kl_goe": 1.6998789602643636,
      "kl_poisson": 0.5605139035677544,
      "level_repulsion": 2.1739130434782608,
      "best_match": "Poisson",
      "eigenvalues_top10": [
        2.2636084417656317,
        1.6980618762945294,
        1.467508970116361,
        1.218316106511434,
        0.9580068508599721,
        0.941415472916949,
        0.8701677496542428,
        0.7624627397268064,
        0.7237328751727123,
        0.6636680446837893
      ],
      "spacings_sample": [
        0.02668335045412146,
        0.03407740072749815,
        0.06449396035450793,
        0.004047722565366799,
        0.06194706607218249,
        0.050591198053447466,
        0.06505984342352607,
        0.0174470169955005,
        0.08618684334262701,
        0.04965533321788461,
        0.03142246426957258,
        0.128272912368611,
        0.15381322194677602,
        0.06519627011484912,
        0.0567986615797244,
        0.12819522491517468,
        0.23564487959326136,
        0.014768784067816728,
        0.0950133781462726,
        0.06438001235518459
      ]
    }
  },
  "gue_match_count": 0,
  "conclusion": "NO_MATCH"
}