{
  "suite": "Q41_TIER4_SATAKE",
  "version": "1.0.0",
  "timestamp": "2026-01-12T05:06:53.840687+00:00",
  "passed": true,
  "metrics": {
    "grassmannian": {
      "per_model": {
        "MiniLM": {
          "group_info": {
            "ambient_dimension": 384,
            "effective_dimension": 38,
            "participation_ratio": 37.51881528223826,
            "is_spherical": true,
            "group_type": "SO(38)",
            "dual_group_type": "SO(38)",
            "eigenvalue_spectrum": [
              0.0577135793864727,
              0.03402450308203697,
              0.026618078351020813,
              0.024159478023648262,
              0.023016447201371193,
              0.02185400016605854,
              0.021009506657719612,
              0.019380509853363037,
              0.018878785893321037,
              0.018045898526906967,
              0.017063425853848457,
              0.016449060291051865,
              0.015909776091575623,
              0.015336102806031704,
              0.014278029091656208,
              0.013967132195830345,
              0.01379691157490015,
              0.013153370469808578,
              0.012619419023394585,
              0.012554717250168324
            ]
          },
          "filtration": {
            "n_levels": 15,
            "thresholds": [
              0.7111824380208387,
              0.7529106041989371,
              0.7946387703770355,
              0.8363669365551338,
              0.8780951027332322,
              0.9198232689113306,
              0.9615514350894291,
              1.0032796012675274,
              1.0450077674456257,
              1.0867359336237241,
              1.1284640998018225,
              1.170192265979921,
              1.2119204321580195,
              1.2536485983361179,
              1.2953767645142162,
              1.3371049306923146
            ],
            "components_per_level": [
              1,
              3,
              3,
              7,
              9,
              14,
              14,
              12,
              4,
              1,
              1,
              1,
              1,
              1,
              1,
              1
            ],
            "n_transitions": 7,
            "n_perverse_sheaves": 8
          },
          "n_perverse": 8,
          "effective_dim": 38
        },
        "MPNet": {
          "group_info": {
            "ambient_dimension": 768,
            "effective_dimension": 39,
            "participation_ratio": 38.89180176030343,
            "is_spherical": true,
            "group_type": "SO(39)",
            "dual_group_type": "SO(39)",
            "eigenvalue_spectrum": [
              0.05155578628182411,
              0.04500332474708557,
              0.03104565478861332,
              0.02926016040146351,
              0.027844008058309555,
              0.02599150873720646,
              0.02301241271197796,
              0.020897388458251953,
              0.02044338919222355,
              0.01922699064016342,
              0.018639424815773964,
              0.017610009759664536,
              0.017004691064357758,
              0.016540871933102608,
              0.015636257827281952,
              0.014887460507452488,
              0.014217394404113293,
              0.013867052271962166,
              0.01361202821135521,
              0.013199854642152786
            ]
          },
          "filtration": {
            "n_levels": 15,
            "thresholds": [
              0.6986798763149447,
              0.7459561208246032,
              0.7932323653342616,
              0.8405086098439201,
              0.8877848543535785,
              0.935061098863237,
              0.9823373433728955,
              1.0296135878825539,
              1.0768898323922123,
              1.1241660769018709,
              1.1714423214115293,
              1.2187185659211877,
              1.265994810430846,
              1.3132710549405044,
              1.360547299450163,
              1.4078235439598215
            ],
            "components_per_level": [
              1,
              1,
              2,
              3,
              6,
              8,
              14,
              14,
              10,
              2,
              1,
              1,
              1,
              1,
              1,
              1
            ],
            "n_transitions": 8,
            "n_perverse_sheaves": 9
          },
          "n_perverse": 9,
          "effective_dim": 39
        },
        "Paraphrase": {
          "group_info": {
            "ambient_dimension": 384,
            "effective_dimension": 33,
            "participation_ratio": 33.11423607024626,
            "is_spherical": true,
            "group_type": "SO(33)",
            "dual_group_type": "SO(33)",
            "eigenvalue_spectrum": [
              0.05503449961543083,
              0.05070996657013893,
              0.03902935981750488,
              0.0366630032658577,
              0.03515839949250221,
              0.033152468502521515,
              0.03044094517827034,
              0.026897571980953217,
              0.025883106514811516,
              0.024980437010526657,
              0.02256111241877079,
              0.021025817841291428,
              0.02019795961678028,
              0.019384460523724556,
              0.01834789663553238,
              0.01757482811808586,
              0.016572119668126106,
              0.015769129619002342,
              0.014910208061337471,
              0.014347013086080551
            ]
          },
          "filtration": {
            "n_levels": 15,
            "thresholds": [
              0.6769643369944147,
              0.7299683727333734,
              0.7829724084723322,
              0.8359764442112909,
              0.8889804799502496,
              0.9419845156892084,
              0.9949885514281672,
              1.0479925871671258,
              1.1009966229060848,
              1.1540006586450433,
              1.2070046943840023,
              1.2600087301229608,
              1.3130127658619197,
              1.3660168016008785,
              1.4190208373398372,
              1.472024873078796
            ],
            "components_per_level": [
              1,
              1,
              3,
              6,
              6,
              10,
              6,
              7,
              3,
              1,
              1,
              1,
              1,
              1,
              1,
              1
            ],
            "n_transitions": 7,
            "n_perverse_sheaves": 8
          },
          "n_perverse": 8,
          "effective_dim": 33
        },
        "BERT": {
          "group_info": {
            "ambient_dimension": 768,
            "effective_dimension": 18,
            "participation_ratio": 18.026214034502914,
            "is_spherical": true,
            "group_type": "SO(18)",
            "dual_group_type": "SO(18)",
            "eigenvalue_spectrum": [
              0.009938188828527927,
              0.0065645258873701096,
              0.003915417939424515,
              0.0035703149624168873,
              0.002866314258426428,
              0.0022759430576115847,
              0.0022147020790725946,
              0.002022447297349572,
              0.001720030209980905,
              0.001666555879637599,
              0.0016086840769276023,
              0.0013347887434065342,
              0.001283859251998365,
              0.0012512074317783117,
              0.0011292047565802932,
              0.0010910480050370097,
              0.0010054422309622169,
              0.0009687388665042818,
              0.0009390026680193841,
              0.0008931955671869218
            ]
          },
          "filtration": {
            "n_levels": 15,