{
  "timestamp": "2026-05-17T13:25:07",
  "constants": {
    "8e": 21.74625462767236,
    "7pi": 21.991148575128552,
    "22": 22.0
  },
  "summary": {
    "n_models": 2,
    "mean_product": 8.137921789440869,
    "std_product": 1.859902366459948,
    "cv_pct": 22.854758433206033,
    "delta_8e": 13.608332838231492,
    "delta_8e_pct": 62.57782349754486
  },
  "models": {
    "all-MiniLM-L6-v2": {
      "n_words": 335,
      "Df": 8.669045448303223,
      "alpha": 0.7241880851149196,
      "product": 6.278019422980921,
      "delta_8e": 15.468235204691439,
      "delta_8e_pct": 71.13057153762897,
      "delta_7pi": 15.71312915214763,
      "delta_22": 15.721980577019078,
      "sweep_sizes": [
        30,
        50,
        75,
        100,
        150,
        200,
        250,
        300
      ],
      "sweep_values": [
        5.1525314201950625,
        5.88607484155432,
        8.163885191842656,
        9.043186643047518,
        8.979129701890319,
        7.671522089916275,
        6.911013259398425,
        6.4941986098347
      ],
      "monte_carlo": {
        "n_trials": 1000,
        "null_mean": 12.004518699629156,
        "null_std": 0.7865218494653757,
        "z_score": -7.280788550935642,
        "p_value": 1.0
      },
      "bayesian": {
        "obs_mean": 7.287692719709909,
        "obs_std": 1.3300715668130632,
        "log_bf_8e": 0.0,
        "log_bf_7pi": 0.0,
        "log_bf_22": 0.0,
        "best_match": "8e"
      }
    },
    "all-mpnet-base-v2": {
      "n_words": 335,
      "Df": 14.289165496826172,
      "alpha": 0.6996786591996207,
      "product": 9.997824155900817,
      "delta_8e": 11.748430471771544,
      "delta_8e_pct": 54.025075457460744,
      "delta_7pi": 11.993324419227735,
      "delta_22": 12.002175844099183,
      "sweep_sizes": [
        30,
        50,
        75,
        100,
        150,
        200,
        250,
        300
      ],
      "sweep_values": [
        6.6323823281254874,
        9.03843064849458,
        12.646884510183872,
        13.561225014274168,
        13.827379638099973,
        11.94491905896443,
        10.937133194832727,
        10.43688199909407
      ],
      "monte_carlo": {
        "n_trials": 1000,
        "null_mean": 16.48143636276832,
        "null_std": 0.9075319651099698,
        "z_score": -7.144224618117836,
        "p_value": 1.0
      },
      "bayesian": {
        "obs_mean": 11.128154549008663,
        "obs_std": 2.271358450043803,
        "log_bf_8e": 0.0,
        "log_bf_7pi": 0.0,
        "log_bf_22": 0.0,
        "best_match": "8e"
      }
    }
  }
}