{
  "timestamp": "2026-05-17T14:11:35",
  "results": {
    "bert-base-uncased (token)": {
      "n_words": 365,
      "n_dims": 768,
      "Df": 129.24540739449253,
      "alpha": 0.5713451663536546,
      "alpha_r2": 0.9690756301474331,
      "product": 73.8437387882522,
      "delta_8e": 52.09748416057984,
      "delta_8e_pct": 239.56991699290225,
      "sweep": [
        [
          30,
          7.265873190317839
        ],
        [
          50,
          13.162871922683923
        ],
        [
          75,
          21.042071319956836
        ],
        [
          100,
          26.528222214608476
        ],
        [
          150,
          39.62057077421346
        ],
        [
          200,
          51.21850219668179
        ],
        [
          250,
          58.57762028972414
        ],
        [
          300,
          63.97940103886478
        ],
        [
          365,
          73.84373878825218
        ]
      ]
    },
    "all-MiniLM-L6-v2 (sbert)": {
      "n_words": 365,
      "n_dims": 384,
      "Df": 86.58496981046646,
      "alpha": 0.8126629582412189,
      "alpha_r2": 0.9050620235581949,
      "product": 70.36439770540031,
      "delta_8e": 48.61814307772795,
      "delta_8e_pct": 223.57019132784734,
      "sweep": [
        [
          30,
          9.32158577906241
        ],
        [
          50,
          14.915431995178233
        ],
        [
          75,
          21.479423887808814
        ],
        [
          100,
          27.636290099416083
        ],
        [
          150,
          37.03940605753108
        ],
        [
          200,
          48.439704086340235
        ],
        [
          250,
          53.344407300447905
        ],
        [
          300,
          60.69923365953814
        ],
        [
          365,
          70.36439772291419
        ]
      ]
    },
    "all-mpnet-base-v2 (sbert)": {
      "n_words": 365,
      "n_dims": 768,
      "Df": 104.62459395935639,
      "alpha": 0.7711605235609599,
      "alpha_r2": 0.910095368679219,
      "product": 80.68235665505011,
      "delta_8e": 58.93610202737776,
      "delta_8e_pct": 271.01725348318547,
      "sweep": [
        [
          30,
          8.459629268667063
        ],
        [
          50,
          14.273994559650648
        ],
        [
          75,
          22.100768562793686
        ],
        [
          100,
          27.81943535645837
        ],
        [
          150,
          40.13468670971105
        ],
        [
          200,
          51.928868622049066
        ],
        [
          250,
          61.10820524625419
        ],
        [
          300,
          68.97880766261163
        ],
        [
          365,
          80.68235661273964
        ]
      ]
    }
  }
}