{
  "timestamp": "2026-05-17T14:03:15",
  "constants": {
    "8e": 21.74625462767236,
    "7pi": 21.991148575128552,
    "22": 22.0
  },
  "summary": {
    "mean": 183.52584761406075,
    "std": 7.398211494750626,
    "cv_pct": 4.031155061225182
  },
  "results": {
    "all-MiniLM-L6-v2": {
      "n_words": 365,
      "Df": 86.58496992824317,
      "alpha": 2.2050485120805456,
      "alpha_r2": 0.7175186488332997,
      "product": 190.92405910881138,
      "delta_8e_pct": 777.962952139162,
      "delta_7pi_pct": 768.1859360667581,
      "sweep": [
        [
          30,
          21.038461098219653
        ],
        [
          50,
          33.515963521606274
        ],
        [
          75,
          47.809138855998114
        ],
        [
          100,
          59.95474118590014
        ],
        [
          150,
          80.26266001422181
        ],
        [
          200,
          112.04845079540736
        ],
        [
          250,
          127.27328080715462
        ],
        [
          300,
          153.47904794489256
        ],
        [
          350,
          180.9819272018171
        ]
      ],
      "null_mean": 92.18299438206144,
      "null_std": 0.5014601089625068,
      "null_z": 196.90711775865827,
      "null_p": 0.0
    },
    "all-mpnet-base-v2": {
      "n_words": 365,
      "Df": 104.6245935638929,
      "alpha": 1.683424805963535,
      "alpha_r2": 0.8409377908518092,
      "product": 176.12763611931013,
      "delta_8e_pct": 709.9217043802369,
      "delta_7pi_pct": 700.902397242253,
      "sweep": [
        [
          30,
          20.915432124104395
        ],
        [
          50,
          34.625238290989415
        ],
        [
          75,
          48.20481656138053
        ],
        [
          100,
          62.35058241058558
        ],
        [
          150,
          83.99362280474953
        ],
        [
          200,
          111.35403449257626
        ],
        [
          250,
          131.95789266297024
        ],
        [
          300,
          150.62550442371324
        ],
        [
          350,
          170.05006124224897
        ]
      ],
      "null_mean": 98.63517591857105,
      "null_std": 0.32288121673139636,
      "null_z": 240.00299858013963,
      "null_p": 0.0
    }
  }
}