{"results":[{"details":{"gate_margin":0.4,"gate_pair_wins_calibrated":0.6541666666666667,"gate_z":2.6,"mean_R_correct":1200.2583755252624,"mean_R_swap":1604.8530508163265,"mean_R_wrong":399.76343490175003,"mean_logR_correct":-1.435386111896206,"mean_logR_swap":-7.759702170747043,"mean_logR_wrong":-4.121373847604676,"mean_margin":2.6859877357084705,"pair_wins":0.6083333333333333,"phi_proxy_bits":0.27689848358751984,"swap_mean_margin":6.324316058850837,"swap_pair_wins":0.6375,"z":3.356585566712661},"name":"climate_fever->mnli:MNLI@seed=123","passed":true},{"details":{"gate_margin":0.4,"gate_pair_wins_calibrated":0.6541666666666667,"gate_z":2.6,"mean_R_correct_end":191.31838680214588,"mean_R_swap_correct_end":139.28228272450994,"mean_R_swap_wrong_end":27.604020406577778,"mean_R_wrong_end":26.293507141755654,"mean_dM_correct":-1.7820596328972285,"mean_dM_wrong":-0.19893365533258583,"mean_logR_correct_end":-3.1638822801850046,"mean_logR_swap_correct_end":-5.219504626173187,"mean_logR_swap_wrong_end":-9.892174782395681,"mean_logR_wrong_end":-5.8821983011352375,"mean_margin":2.718316020950233,"pair_wins":0.6541666666666667,"phi_proxy_bits":0.5583947064271414,"swap_correct_mean_margin_end":2.0556223459881826,"swap_correct_pair_wins_end":0.5625,"swap_wrong_mean_margin_end":6.728292502210677,"swap_wrong_pair_wins_end":0.7125,"z":4.776679460321864},"name":"climate_fever->mnli:MNLI-Streaming@seed=123","passed":true}],"run":{"ablation":"full","apply_to":"mnli","calibrate_on":"climate_fever","calibration_n":1,"dataset":"scifact","depth_power":0.0,"fast":false,"mode":"transfer","neighbor_k":10,"phase_delta_tau":null,"phase_min_stable_rate":null,"phase_min_tail":null,"scifact_stream_seed":123,"scoring":"crossencoder","seed":123,"stress_min_pass_rate":null,"stress_n":10,"strict":false,"sweep_neighbor_k":"1,3,5,10","verify_n":1,"wrong_checks":"dissimilar"},"type":"EmpiricalMetricReceipt","version":1}
