{"results":[{"details":{"gate_margin":0.75,"gate_pair_wins_calibrated":0.7145833333333333,"gate_z":2.6,"mean_R_correct":307.3386618073177,"mean_R_swap":242.0459545742339,"mean_R_wrong":14.734003785698958,"mean_logR_correct":-1.9522519660682085,"mean_logR_swap":-5.277598261725264,"mean_logR_wrong":-12.620456595317073,"mean_margin":10.668204629248866,"mean_neighbor_sim":0.32850978982945284,"pair_wins":0.9083333333333333,"phi_proxy_bits":0.40926318750640245,"swap_mean_margin":3.325346295657056,"swap_pair_wins":0.575,"z":8.94613510591608},"name":"snli->scifact:SciFact@seed=123","passed":true},{"details":{"gate_margin":0.75,"gate_pair_wins_calibrated":0.7145833333333333,"gate_z":2.6,"mean_R_correct_end":58.39672042621055,"mean_R_swap_correct_end":35.51299328012077,"mean_R_swap_wrong_end":23.347533760931174,"mean_R_wrong_end":23.508517839769738,"mean_dM_correct":-0.09309019493096736,"mean_dM_wrong":-1.0521210654053572,"mean_logR_correct_end":-1.396449539930869,"mean_logR_swap_correct_end":-5.1035894735561405,"mean_logR_swap_wrong_end":-4.430163462015859,"mean_logR_wrong_end":-2.523607719369605,"mean_margin":1.127158179438736,"mean_neighbor_sim":0.3449620551119248,"pair_wins":0.675,"phi_proxy_bits":1.5872062823030408,"swap_correct_mean_margin_end":3.707139933625272,"swap_correct_pair_wins_end":0.6,"swap_wrong_mean_margin_end":3.03371392208499,"swap_wrong_pair_wins_end":0.65,"z":3.834057902535463},"name":"snli->scifact:SciFact-Streaming@seed=123","passed":true}],"run":{"ablation":"full","apply_to":"scifact","calibrate_on":"snli","calibration_n":2,"dataset":"scifact","depth_power":0.0,"fast":false,"mode":"transfer","neighbor_k":10,"scifact_stream_seed":123,"scoring":"crossencoder","seed":123,"stress_min_pass_rate":null,"stress_n":10,"strict":true,"sweep_neighbor_k":"1,3,5,10","verify_n":1,"wrong_checks":"neighbor"},"type":"EmpiricalMetricReceipt","version":1}
