{"results":[{"details":{"gate_margin":0.5,"gate_z":2.0,"geom_mean_cos_correct_end":0.7910030705194031,"geom_mean_cos_wrong_end":0.26556186965002415,"geom_mean_margin_end":0.525441200869379,"geom_mean_pr_check_end":2.505441584541561,"geom_mean_pr_obs_end":3.897176225323716,"geom_mean_pr_wrong_end":2.526819132985004,"geom_pair_wins_end":1.0,"geom_qgtl_berry_correct_mean":-0.663130136328288,"geom_qgtl_berry_margin_mean":-1.0552128851413727,"geom_qgtl_berry_wrong_mean":0.3920827488130847,"geom_qgtl_df_check_mean":2.5054415869576276,"geom_qgtl_df_obs_mean":3.897176228604065,"geom_qgtl_df_wrong_mean":2.526819145641995,"geom_z_end":3.999999999998,"inj_mean_margin_end":3.679578470674527,"inj_pair_wins_end":0.875,"inj_z_end":2.9999999999985,"mean_R_correct_end":10.698169401246407,"mean_R_swap_correct_end":7.295685301349227,"mean_R_swap_wrong_end":0.014235484424782938,"mean_R_wrong_end":0.001978096283353763,"mean_dM_correct":2.963597727371886,"mean_dM_wrong":0.1298357542178144,"mean_logR_correct_end":2.101422301611155,"mean_logR_swap_correct_end":0.3231908316385036,"mean_logR_swap_wrong_end":-23.399687273207384,"mean_logR_wrong_end":-26.119576579435453,"mean_margin":28.220998881046604,"mean_neighbor_sim":0.2577637441456318,"pair_wins":1.0,"phase_delta_tau":0.5,"phase_gate_rate":0.5,"phase_mean_first_cross_frac":0.03125,"phase_stable_cross_rate":1.0,"phi_proxy_bits":1.5558754384248135,"stream_series_summary":{"delta_mean":[25.387236907892536,24.553385107344546,23.71953330679657,24.038848119407625,25.511329545177716,26.9838109709478,27.357328989246266,27.730847007544718,27.978284589564474,28.09964173530554,28.2209988810466],"delta_p25":[24.022155653821972,24.329088931062635,21.757106383643926,21.866503574201435,24.569025908435574,27.177111550073693,27.673186784900132,27.662459795663274,27.96427890488842,28.639318223354703,29.334428284961042],"delta_p75":[29.579456319029383,29.28873885663221,29.417739659388477,29.505951313664617,29.51990624926234,29.74270319957321,29.817672399238074,30.014099610105184,30.152610765443697,30.22389354906192,30.313541322359754],"grid_n":11},"swap_correct_mean_margin_end":1.7782314699726518,"swap_correct_pair_wins_end":0.6875,"swap_wrong_mean_margin_end":25.501109574818535,"swap_wrong_pair_wins_end":1.0,"z":3.999999999998},"name":"SciFact-Streaming","passed":true}],"run":{"ablation":"full","apply_to":"scifact","calibrate_on":"climate_fever","calibration_n":3,"dataset":"scifact","depth_power":0.0,"fast":true,"mode":"stream","neighbor_k":10,"scifact_stream_seed":123,"scoring":"cosine","seed":123,"stress_min_pass_rate":null,"stress_n":10,"strict":false,"sweep_neighbor_k":"1,3,5,10","verify_n":1,"wrong_checks":"neighbor"},"type":"EmpiricalMetricReceipt","version":1}
