{"results":[{"details":{"gate_margin":0.25,"gate_pair_wins_calibrated":1.0,"gate_z":1.4,"mean_R_correct":23.26434719904751,"mean_R_swap":9.348202777726252,"mean_R_wrong":0.09181399959081814,"mean_logR_correct":-5.44056074113701,"mean_logR_swap":-4.809561431595614,"mean_logR_wrong":-24.08919928869519,"mean_margin":18.648638547558182,"mean_neighbor_sim":0.43559903725981713,"pair_wins":0.9,"phi_proxy_bits":0.9334516972031893,"swap_mean_margin":-0.6309993095413953,"swap_pair_wins":0.55,"z":5.059644256267807},"name":"scifact->snli:SNLI@seed=123","passed":true},{"details":{"gate_margin":0.25,"gate_pair_wins_calibrated":1.0,"gate_z":1.4,"mean_R_correct_end":5.089781219667559,"mean_R_swap_correct_end":5.644870240664028,"mean_R_swap_wrong_end":1.9632496636997132,"mean_R_wrong_end":1.717541368958121,"mean_dM_correct":2.375847463251473,"mean_dM_wrong":4.201322255099738,"mean_logR_correct_end":-6.694440485125381,"mean_logR_swap_correct_end":-4.891860279867894,"mean_logR_swap_wrong_end":-20.26891620058471,"mean_logR_wrong_end":-18.976854339900783,"mean_margin":12.282413854775402,"mean_neighbor_sim":0.40704496428370474,"pair_wins":0.775,"phi_proxy_bits":1.6260774481816973,"swap_correct_mean_margin_end":-1.8025802052574869,"swap_correct_pair_wins_end":0.425,"swap_wrong_mean_margin_end":13.574475715459329,"swap_wrong_pair_wins_end":0.7,"z":3.478505426184117},"name":"scifact->snli:SNLI-Streaming@seed=123","passed":true},{"details":{"gate_margin":0.25,"gate_pair_wins_calibrated":1.0,"gate_z":1.4,"mean_R_correct":209.48657611322824,"mean_R_swap":229.8445212007638,"mean_R_wrong":0.010479699637030476,"mean_logR_correct":-3.131593188272712,"mean_logR_swap":-4.024040325256417,"mean_logR_wrong":-25.914011144623437,"mean_margin":22.782417956350724,"mean_neighbor_sim":0.4223840951919556,"pair_wins":0.925,"phi_proxy_bits":1.0519235739796664,"swap_mean_margin":0.8924471369837047,"swap_pair_wins":0.5,"z":5.375872022284544},"name":"scifact->snli:SNLI@seed=124","passed":true},{"details":{"gate_margin":0.25,"gate_pair_wins_calibrated":1.0,"gate_z":1.4,"mean_R_correct_end":4.476565136267135,"mean_R_swap_correct_end":5.780643369903101,"mean_R_swap_wrong_end":2.0068082389295556,"mean_R_wrong_end":0.7250964966892641,"mean_dM_correct":1.412962983067039,"mean_dM_wrong":2.4603508581363873,"mean_logR_correct_end":-6.240444604501404,"mean_logR_swap_correct_end":-3.03177551868876,"mean_logR_swap_wrong_end":-19.670939310404282,"mean_logR_wrong_end":-19.672532979477484,"mean_margin":13.432088374976084,"mean_neighbor_sim":0.43112765699625016,"pair_wins":0.8,"phi_proxy_bits":1.613621341548533,"swap_correct_mean_margin_end":-3.208669085812643,"swap_correct_pair_wins_end":0.475,"swap_wrong_mean_margin_end":13.430494705902879,"swap_wrong_pair_wins_end":0.75,"z":3.7947331922008547},"name":"scifact->snli:SNLI-Streaming@seed=124","passed":true}],"run":{"ablation":"full","apply_to":"snli","calibrate_on":"scifact","calibration_n":2,"dataset":"scifact","depth_power":0.0,"fast":true,"mode":"transfer","neighbor_k":10,"scifact_stream_seed":123,"scoring":null,"seed":123,"stress_min_pass_rate":null,"stress_n":10,"strict":true,"sweep_neighbor_k":"1,3,5,10","verify_n":2,"wrong_checks":"neighbor"},"type":"EmpiricalMetricReceipt","version":1}
