{"results":[{"details":{"gate_margin":0.4,"gate_pair_wins_calibrated":0.6695833333333333,"gate_z":2.6,"mean_R_correct":1200.2583755252624,"mean_R_swap":1604.8530508163265,"mean_R_wrong":399.76343490175003,"mean_logR_correct":-1.435386111896206,"mean_logR_swap":-7.759702170747043,"mean_logR_wrong":-4.121373847604676,"mean_margin":2.6859877357084705,"pair_wins":0.6083333333333333,"phi_proxy_bits":0.27689848358751984,"swap_mean_margin":6.324316058850837,"swap_pair_wins":0.6375,"z":3.356585566712661},"name":"snli->mnli:MNLI@seed=123","passed":true},{"details":{"gate_margin":0.4,"gate_pair_wins_calibrated":0.6695833333333333,"gate_z":2.6,"mean_R_correct_end":127.21252383102104,"mean_R_swap_correct_end":71.15396671401308,"mean_R_swap_wrong_end":44.50959007179812,"mean_R_wrong_end":60.032993074573675,"mean_dM_correct":-4.493738956521046,"mean_dM_wrong":-0.5016481566811856,"mean_logR_correct_end":-5.154299413754904,"mean_logR_swap_correct_end":-8.44559675488419,"mean_logR_swap_wrong_end":-8.695093007547396,"mean_logR_wrong_end":-2.55376421290227,"mean_margin":-2.600535200852635,"pair_wins":0.5375,"phi_proxy_bits":1.5634992830700254,"swap_correct_mean_margin_end":3.291297341129287,"swap_correct_pair_wins_end":0.5458333333333333,"swap_wrong_mean_margin_end":3.5407935937924906,"swap_wrong_pair_wins_end":0.6041666666666666,"z":1.161895003862075},"name":"snli->mnli:MNLI-Streaming@seed=123","passed":false}],"run":{"ablation":"full","apply_to":"mnli","calibrate_on":"snli","calibration_n":1,"dataset":"scifact","depth_power":0.0,"fast":false,"mode":"transfer","neighbor_k":10,"phase_delta_tau":null,"phase_min_stable_rate":null,"phase_min_tail":null,"scifact_stream_seed":123,"scoring":"crossencoder","seed":123,"stress_min_pass_rate":null,"stress_n":10,"strict":false,"sweep_neighbor_k":"1,3,5,10","verify_n":1,"wrong_checks":"dissimilar"},"type":"EmpiricalMetricReceipt","version":1}
