{"results":[{"details":{"gate_margin":0.5,"gate_pair_wins_calibrated":0.6925,"gate_z":1.4,"mean_R_correct":12.935958911959892,"mean_R_swap":21.39198962765797,"mean_R_wrong":0.016468794440998965,"mean_logR_correct":-2.0259826038086155,"mean_logR_swap":-3.8770118543635315,"mean_logR_wrong":-23.657727850934272,"mean_margin":21.631745247125654,"pair_wins":1.0,"phi_proxy_bits":1.552724195536668,"swap_mean_margin":1.8510292505549166,"swap_pair_wins":0.65,"z":4.472135954997579},"name":"snli->climate_fever:Climate-FEVER-Intervention@seed=123","passed":true},{"details":{"gate_margin":0.5,"gate_pair_wins_calibrated":0.6925,"gate_z":1.4,"mean_R_correct_end":7.8271074098396785,"mean_R_indep_end":1.0783238473776238,"mean_R_swap_correct_end":1.383443618589813,"mean_R_swap_wrong_end":0.01065499559380512,"mean_R_wrong_end":2.262202113527356,"mean_dM_correct":-13.049588538591644,"mean_dM_wrong":-1.4519509062961675,"mean_logR_correct_end":-14.960138280072758,"mean_logR_indep_end":-15.218590440008239,"mean_logR_swap_correct_end":-12.778133028597797,"mean_logR_swap_wrong_end":-21.94928626596926,"mean_logR_wrong_end":-19.636196357696235,"mean_margin":4.676058077623477,"mean_neighbor_sim":NaN,"pair_wins":0.4375,"phase_delta_tau":0.5,"phase_min_tail":2.0,"phase_stable_cross_rate":0.375,"phi_proxy_bits":0.0,"stream_series_summary":{"delta_mean":[16.273695709918957,15.365612300918901,14.457528891918844,13.549445482918788,12.641362073918735,11.733278664918682,10.321834547459638,8.910390430000596,7.498946312541558,6.087502195082517,4.676058077623477],"grid_n":11},"swap_correct_mean_margin_end":-2.1820052514749633,"swap_correct_pair_wins_end":0.3125,"swap_wrong_mean_margin_end":6.9891479858965,"swap_wrong_pair_wins_end":0.5,"z":-0.49999999999975},"name":"snli->climate_fever:Climate-FEVER-Streaming@seed=123","passed":false}],"run":{"ablation":"full","apply_to":"climate_fever","calibrate_on":"snli","calibration_n":1,"dataset":"scifact","depth_power":0.0,"fast":true,"mode":"transfer","neighbor_k":10,"phase_delta_tau":null,"phase_min_stable_rate":null,"phase_min_tail":null,"scifact_stream_seed":123,"scoring":"cosine","seed":123,"stress_min_pass_rate":null,"stress_n":10,"strict":false,"sweep_neighbor_k":"1,3,5,10","verify_n":1,"wrong_checks":"dissimilar"},"type":"EmpiricalMetricReceipt","version":1}
