{"results":[{"details":{"gate_margin":0.75,"gate_z":2.6,"mean_R_correct":307.3386799909503,"mean_R_swap":242.04597140281234,"mean_R_wrong":67.62800197084651,"mean_logR_correct":-1.952251920165891,"mean_logR_swap":-5.27759824126789,"mean_logR_wrong":-3.0060571932989135,"mean_margin":1.0538052731330225,"mean_neighbor_sim":0.4850755331416925,"pair_wins":0.675,"phi_proxy_bits":0.40926318750640245,"swap_mean_margin":3.325346321101998,"swap_pair_wins":0.575,"z":3.834057902535463},"name":"SciFact","passed":true},{"details":{"mean_M_refute_internal":-9.33990398791779,"mean_M_support_internal":3.27719965472034,"negative":0.4666666666666667,"pair_wins":0.6833333333333333},"name":"Climate-FEVER","passed":true},{"details":{"gate_margin":0.4,"gate_z":2.4,"mean_R_correct":119.5660639852202,"mean_R_swap":87.9235762792617,"mean_R_wrong":121.09507383450227,"mean_logR_correct":-2.4819959726760987,"mean_logR_swap":-7.105493138195994,"mean_logR_wrong":-2.7420941793261195,"mean_margin":0.2600982066500208,"mean_neighbor_sim":0.728234150633216,"pair_wins":0.5541666666666667,"phi_proxy_bits":0.46264411660438237,"swap_mean_margin":4.623497165519894,"swap_pair_wins":0.625,"z":1.6782927833563306},"name":"SNLI","passed":false},{"details":{"gate_margin":0.4,"gate_z":2.4,"mean_R_correct":1209.0396568478332,"mean_R_swap":1632.0771648536759,"mean_R_wrong":2988.555651629591,"mean_logR_correct":-0.998130332856299,"mean_logR_swap":-6.836250621770114,"mean_logR_wrong":-1.8769051213211043,"mean_margin":0.8787747884648053,"mean_neighbor_sim":0.48965064106709455,"pair_wins":0.55,"phi_proxy_bits":0.2626298878241408,"swap_mean_margin":5.8381202889138155,"swap_pair_wins":0.65,"z":1.5491933384827667},"name":"MNLI","passed":false}],"run":{"ablation":"full","apply_to":"scifact","calibrate_on":"climate_fever","calibration_n":3,"dataset":"all","depth_power":0.0,"fast":false,"mode":"bench","neighbor_k":10,"phase_delta_tau":null,"phase_min_stable_rate":null,"phase_min_tail":null,"scifact_stream_seed":123,"scoring":"crossencoder","seed":123,"stress_min_pass_rate":null,"stress_n":10,"strict":false,"sweep_neighbor_k":"1,3,5,10","verify_n":1,"wrong_checks":"paraphrase"},"type":"EmpiricalMetricReceipt","version":1}
