{"results":[{"details":{"gate_margin":0.75,"gate_z":2.6,"mean_R_correct_end":184.2836196833127,"mean_R_indep_end":225.16738953907011,"mean_R_swap_correct_end":103.64778506172901,"mean_R_swap_wrong_end":0.0,"mean_R_wrong_end":0.0,"mean_dM_correct":-7.560793887757345,"mean_dM_wrong":0.0,"mean_logR_correct_end":-8.225138916808373,"mean_logR_indep_end":-3.3239510379612427,"mean_logR_swap_correct_end":-14.930138747574313,"mean_logR_swap_wrong_end":-27.631021115928547,"mean_logR_wrong_end":-27.631021115928547,"mean_margin":19.405882199120178,"mean_neighbor_sim":NaN,"pair_wins":0.7166666666666667,"phase_delta_tau":0.75,"phase_min_tail":3.0,"phase_stable_cross_rate":0.6166666666666667,"phi_proxy_bits":1.4788068002503962,"stream_series_summary":{"delta_mean":[26.96667608687753,26.577471574337217,26.25606057144006,26.096619665418196,26.194018493692667,26.397640232908962,25.85145347550567,25.007310845965023,23.459987978958416,21.53418686125133,19.405882199120175],"grid_n":11},"swap_correct_mean_margin_end":6.704999830765942,"swap_correct_pair_wins_end":0.5333333333333333,"swap_wrong_mean_margin_end":19.405882199120178,"swap_wrong_pair_wins_end":0.7166666666666667,"z":4.746928831710573},"name":"Climate-FEVER-Streaming","passed":true},{"details":{"gate_margin":0.75,"gate_z":2.6,"geom_mean_cos_correct_end":0.7826461632078104,"geom_mean_cos_wrong_end":0.5974494547521562,"geom_mean_margin_end":0.1851967084556545,"geom_mean_pr_check_end":2.494158176543911,"geom_mean_pr_obs_end":3.9096958394119246,"geom_mean_pr_wrong_end":1.0,"geom_pair_wins_end":0.9333333333333333,"geom_z_end":9.493857663421146,"inj_mean_margin_end":15.441944974143885,"inj_pair_wins_end":0.9083333333333333,"inj_z_end":8.94613510591608,"mean_R_correct_end":58.39672535024122,"mean_R_swap_correct_end":35.51300565353553,"mean_R_swap_wrong_end":0.0,"mean_R_wrong_end":0.0,"mean_dM_correct":-0.09309278158689474,"mean_dM_wrong":0.0,"mean_logR_correct_end":-1.396451647027152,"mean_logR_swap_correct_end":-5.103589541168144,"mean_logR_swap_wrong_end":-27.631021115928547,"mean_logR_wrong_end":-27.631021115928547,"mean_margin":26.234569468901395,"pair_wins":0.9333333333333333,"phase_delta_tau":0.75,"phase_gate_rate":0.6,"phase_mean_first_cross_frac":0.02830188679245283,"phase_min_tail":3.0,"phase_stable_cross_rate":0.8833333333333333,"phi_proxy_bits":1.5872062823030408,"stream_series_summary":{"delta_mean":[26.327662250488288,26.21649012717139,26.10531800385449,26.03941735694929,26.018788186455822,25.998159015962354,26.054531834114798,26.11090465226724,26.15818674285507,26.19637810587823,26.23456946890139],"delta_p25":[24.18625833425983,23.563535519561427,23.929275930550762,23.842046654913716,24.309173442461432,25.562060183547395,25.91879844503123,26.357116484984815,25.99177021270808,26.783995671375063,25.882205574548983],"delta_p75":[32.47717518442942,31.73897296472926,31.586675680159637,31.275968571040607,31.2433100801031,31.092987837602056,30.996367467820484,31.04410421874363,31.195176970101624,31.23453206585274,31.336619506593195],"grid_n":11},"swap_correct_mean_margin_end":3.7071378941409923,"swap_correct_pair_wins_end":0.6,"swap_wrong_mean_margin_end":26.234569468901395,"swap_wrong_pair_wins_end":0.9333333333333333,"z":9.493857663421146},"name":"SciFact-Streaming","passed":true},{"details":{"gate_margin":0.4,"gate_z":2.4,"mean_R_correct_end":15.398799145766876,"mean_R_swap_correct_end":10.852576309120748,"mean_R_swap_wrong_end":0.0,"mean_R_wrong_end":0.0,"mean_dM_correct":-2.828360218439918,"mean_dM_wrong":0.0,"mean_logR_correct_end":-5.462626450009368,"mean_logR_swap_correct_end":-8.974642364007225,"mean_logR_swap_wrong_end":-27.631021115928547,"mean_logR_wrong_end":-27.631021115928547,"mean_margin":22.168394665919177,"pair_wins":0.8666666666666667,"phi_proxy_bits":1.5858201558483709,"swap_correct_mean_margin_end":3.512015913997858,"swap_correct_pair_wins_end":0.55,"swap_wrong_mean_margin_end":22.168394665919177,"swap_wrong_pair_wins_end":0.8666666666666667,"z":11.360751148873621},"name":"SNLI-Streaming","passed":true},{"details":{"gate_margin":0.4,"gate_z":2.4,"mean_R_correct_end":206.88044045488297,"mean_R_swap_correct_end":137.5546998511153,"mean_R_swap_wrong_end":0.0,"mean_R_wrong_end":0.0,"mean_dM_correct":-0.9523016363992092,"mean_dM_wrong":0.0,"mean_logR_correct_end":-2.7200628082003835,"mean_logR_swap_correct_end":-5.751844581564031,"mean_logR_swap_wrong_end":-27.631021115928547,"mean_logR_wrong_end":-27.631021115928547,"mean_margin":24.910958307728162,"pair_wins":0.8833333333333333,"phi_proxy_bits":0.6321266532001545,"swap_correct_mean_margin_end":3.0317817733636474,"swap_correct_pair_wins_end":0.5791666666666667,"swap_wrong_mean_margin_end":24.910958307728162,"swap_wrong_pair_wins_end":0.8833333333333333,"z":11.877148928367879},"name":"MNLI-Streaming","passed":true}],"run":{"ablation":"full","apply_to":"scifact","calibrate_on":"climate_fever","calibration_n":3,"dataset":"all","depth_power":0.0,"fast":false,"mode":"stream","neighbor_k":10,"phase_delta_tau":null,"phase_min_stable_rate":null,"phase_min_tail":null,"scifact_stream_seed":123,"scoring":"crossencoder","seed":123,"stress_min_pass_rate":null,"stress_n":10,"strict":false,"sweep_neighbor_k":"1,3,5,10","verify_n":1,"wrong_checks":"paraphrase"},"type":"EmpiricalMetricReceipt","version":1}
