{"results":[{"details":{"gate_margin":0.4,"gate_pair_wins_calibrated":0.7366666666666666,"gate_z":2.6,"mean_R_correct":119.5660639852202,"mean_R_swap":87.9235762792617,"mean_R_wrong":70.86225993042238,"mean_logR_correct":-2.4819959726760987,"mean_logR_swap":-7.105493138195994,"mean_logR_wrong":-9.822877057674956,"mean_margin":7.340881084998858,"pair_wins":0.7333333333333333,"phi_proxy_bits":0.46264411660438237,"swap_mean_margin":4.623497165519894,"swap_pair_wins":0.625,"z":7.229568912919578},"name":"scifact->snli:SNLI@seed=123","passed":true},{"details":{"gate_margin":0.4,"gate_pair_wins_calibrated":0.7366666666666666,"gate_z":2.6,"mean_R_correct_end":12.772857566712185,"mean_R_swap_correct_end":7.914577310044342,"mean_R_swap_wrong_end":1.89425510504075,"mean_R_wrong_end":4.192189012561718,"mean_dM_correct":-2.5607294219431416,"mean_dM_wrong":-0.46562111277437185,"mean_logR_correct_end":-5.3623585127062405,"mean_logR_swap_correct_end":-8.84256965614705,"mean_logR_swap_wrong_end":-13.50209494274966,"mean_logR_wrong_end":-10.094166908726852,"mean_margin":4.731808396020611,"pair_wins":0.6625,"phi_proxy_bits":1.6192812460650132,"swap_correct_mean_margin_end":3.480211143440811,"swap_correct_pair_wins_end":0.5666666666666667,"swap_wrong_mean_margin_end":8.139736430043419,"swap_wrong_pair_wins_end":0.6958333333333333,"z":5.0348783500689915},"name":"scifact->snli:SNLI-Streaming@seed=123","passed":true}],"run":{"ablation":"full","apply_to":"snli","calibrate_on":"scifact","calibration_n":1,"dataset":"scifact","depth_power":0.0,"fast":false,"mode":"transfer","neighbor_k":10,"phase_delta_tau":null,"phase_min_stable_rate":null,"phase_min_tail":null,"scifact_stream_seed":123,"scoring":"crossencoder","seed":123,"stress_min_pass_rate":null,"stress_n":10,"strict":false,"sweep_neighbor_k":"1,3,5,10","verify_n":1,"wrong_checks":"dissimilar"},"type":"EmpiricalMetricReceipt","version":1}
