{"results":[{"details":{"gate_margin":0.75,"gate_z":2.6,"mean_R_correct":307.3386799301021,"mean_R_swap":242.04594948586598,"mean_R_wrong":278.85721476870407,"mean_logR_correct":-1.9522519386361334,"mean_logR_swap":-5.277598266712437,"mean_logR_wrong":1.9928045814216162,"mean_margin":-3.94505652005775,"mean_neighbor_sim":0.3408870081106822,"pair_wins":0.325,"phi_proxy_bits":0.40926318750640245,"swap_mean_margin":3.3253463280763045,"swap_pair_wins":0.575,"z":-3.834057902535463},"name":"SciFact","passed":false},{"details":{"mean_M_refute_internal":-9.33990398791779,"mean_M_support_internal":3.27719965472034,"negative":0.4666666666666667,"pair_wins":0.6833333333333333},"name":"Climate-FEVER","passed":true},{"details":{"gate_margin":0.4,"gate_z":2.4,"mean_R_correct":119.56606369385005,"mean_R_swap":87.9235762792617,"mean_R_wrong":278.51207921884753,"mean_logR_correct":-2.4819959850314093,"mean_logR_swap":-7.105493138195994,"mean_logR_wrong":2.9375043197854382,"mean_margin":-5.4195003048168475,"mean_neighbor_sim":0.6040786344558,"pair_wins":0.19166666666666668,"phi_proxy_bits":0.46264411660438237,"swap_mean_margin":4.623497153164584,"swap_pair_wins":0.625,"z":-9.553358920643728},"name":"SNLI","passed":false},{"details":{"gate_margin":0.4,"gate_z":2.4,"mean_R_correct":1215.7440265903258,"mean_R_swap":1615.1029425927893,"mean_R_wrong":3622.129059281375,"mean_logR_correct":-1.1707809613827374,"mean_logR_swap":-6.901044698195229,"mean_logR_wrong":4.299337157692906,"mean_margin":-5.470118119075645,"mean_neighbor_sim":0.3784665187820792,"pair_wins":0.1875,"phi_proxy_bits":0.2587761838067011,"swap_mean_margin":5.730263736812491,"swap_pair_wins":0.65,"z":-9.682458365517292},"name":"MNLI","passed":false}],"run":{"ablation":"full","apply_to":"scifact","calibrate_on":"climate_fever","calibration_n":3,"dataset":"all","depth_power":0.0,"fast":false,"mode":"bench","neighbor_k":10,"phase_delta_tau":null,"phase_min_stable_rate":null,"phase_min_tail":null,"scifact_stream_seed":123,"scoring":"crossencoder","seed":123,"stress_min_pass_rate":null,"stress_n":10,"strict":false,"sweep_neighbor_k":"1,3,5,10","verify_n":1,"wrong_checks":"inflation"},"type":"EmpiricalMetricReceipt","version":1}
