{"results":[{"details":{"gate_margin":0.25,"gate_pair_wins_calibrated":0.6925,"gate_z":1.4,"mean_R_correct":17.071726402004778,"mean_R_swap":34.57423287084326,"mean_R_wrong":7.91195217467948,"mean_logR_correct":-1.0907068420666843,"mean_logR_swap":-5.09683623203874,"mean_logR_wrong":-15.49548450296837,"mean_margin":14.404777660901686,"pair_wins":0.75,"phi_proxy_bits":0.9330855025128089,"swap_mean_margin":4.006129389972055,"swap_pair_wins":0.575,"z":3.162277660167379},"name":"snli->mnli:MNLI@seed=123","passed":true},{"details":{"gate_margin":0.25,"gate_pair_wins_calibrated":0.6925,"gate_z":1.4,"mean_R_correct_end":8.494965954999174,"mean_R_swap_correct_end":7.9422420044490805,"mean_R_swap_wrong_end":0.24007889178167208,"mean_R_wrong_end":1.2497456734399122,"mean_dM_correct":-1.16792147170406,"mean_dM_wrong":-6.437895724342562,"mean_logR_correct_end":-4.682344866536804,"mean_logR_swap_correct_end":-4.639138886399118,"mean_logR_swap_wrong_end":-18.979547683826425,"mean_logR_wrong_end":-21.25796430379874,"mean_margin":16.575619437261942,"pair_wins":0.8,"phi_proxy_bits":1.6535570112006313,"swap_correct_mean_margin_end":-0.04320598013768571,"swap_correct_pair_wins_end":0.475,"swap_wrong_mean_margin_end":14.297202817289621,"swap_wrong_pair_wins_end":0.85,"z":3.7947331922008547},"name":"snli->mnli:MNLI-Streaming@seed=123","passed":true}],"run":{"ablation":"full","apply_to":"mnli","calibrate_on":"snli","calibration_n":1,"dataset":"scifact","depth_power":0.0,"fast":true,"mode":"transfer","neighbor_k":10,"phase_delta_tau":null,"phase_min_stable_rate":null,"phase_min_tail":null,"scifact_stream_seed":123,"scoring":"cosine","seed":123,"stress_min_pass_rate":null,"stress_n":10,"strict":false,"sweep_neighbor_k":"1,3,5,10","verify_n":1,"wrong_checks":"dissimilar"},"type":"EmpiricalMetricReceipt","version":1}
