{"results":[{"details":{"gate_margin":0.75,"gate_z":2.6,"mean_R_correct":307.3386799909503,"mean_R_swap":242.04597140281234,"mean_R_wrong":418.3317592488022,"mean_logR_correct":-1.952251920165891,"mean_logR_swap":-5.27759824126789,"mean_logR_wrong":4.085901816408536,"mean_margin":-6.0381537365744276,"pair_wins":0.0,"phi_proxy_bits":0.40926318750640245,"swap_mean_margin":3.325346321101998,"swap_pair_wins":0.575,"z":-10.954451150101322},"name":"SciFact","passed":false},{"details":{"mean_M_refute_internal":-9.33990398791779,"mean_M_support_internal":3.27719965472034,"negative":0.4666666666666667,"pair_wins":0.6833333333333333},"name":"Climate-FEVER","passed":true},{"details":{"gate_margin":0.4,"gate_z":2.4,"mean_R_correct":119.5660639852202,"mean_R_swap":87.9235762792617,"mean_R_wrong":437.12633708853394,"mean_logR_correct":-2.4819959726760987,"mean_logR_swap":-7.105493138195994,"mean_logR_wrong":3.815270790994708,"mean_margin":-6.297266763670806,"pair_wins":0.0,"phi_proxy_bits":0.46264411660438237,"swap_mean_margin":4.623497165519894,"swap_pair_wins":0.625,"z":-15.491933384827666},"name":"SNLI","passed":false},{"details":{"gate_margin":0.4,"gate_z":2.4,"mean_R_correct":1215.7440265903258,"mean_R_swap":1615.1029425927893,"mean_R_wrong":4404.733544974599,"mean_logR_correct":-1.1707809613827374,"mean_logR_swap":-6.901044698195229,"mean_logR_wrong":5.317387331083668,"mean_margin":-6.488168292466407,"pair_wins":0.0,"phi_proxy_bits":0.2587761838067011,"swap_mean_margin":5.730263736812491,"swap_pair_wins":0.65,"z":-15.491933384827666},"name":"MNLI","passed":false}],"run":{"ablation":"full","apply_to":"scifact","calibrate_on":"climate_fever","calibration_n":3,"dataset":"all","depth_power":0.0,"fast":false,"mode":"bench","neighbor_k":10,"phase_delta_tau":null,"phase_min_stable_rate":null,"phase_min_tail":null,"scifact_stream_seed":123,"scoring":"crossencoder","seed":123,"stress_min_pass_rate":null,"stress_n":10,"strict":false,"sweep_neighbor_k":"1,3,5,10","verify_n":1,"wrong_checks":"shuffle"},"type":"EmpiricalMetricReceipt","version":1}
