{"results":[{"details":{"gate_margin":0.75,"gate_z":2.6,"mean_R_correct_end":193.90664004980252,"mean_R_indep_end":231.97746149098313,"mean_R_swap_correct_end":117.20714059990324,"mean_R_swap_wrong_end":206.69849261407245,"mean_R_wrong_end":352.160147264123,"mean_dM_correct":-7.943410291086487,"mean_dM_wrong":-3.3059869081363322,"mean_logR_correct_end":-8.742608207444425,"mean_logR_indep_end":-3.3668587915289114,"mean_logR_swap_correct_end":-14.793510246208932,"mean_logR_swap_wrong_end":-5.277234425680015,"mean_logR_wrong_end":1.0130522608944121,"mean_margin":-9.755660468338837,"mean_neighbor_sim":0.5880793109105501,"pair_wins":0.24166666666666667,"phase_delta_tau":0.75,"phase_min_tail":3.0,"phase_stable_cross_rate":0.08333333333333333,"phi_proxy_bits":1.533802028439539,"stream_series_summary":{"delta_mean":[-5.118237085388682,-4.537473814599813,-4.056706625636436,-3.7500944273691825,-3.2956375744635387,-2.7887447686972293,-3.1377339941283626,-3.930026307955705,-5.49531534816931,-7.490574394451302,-9.755660468338835],"grid_n":11},"swap_correct_mean_margin_end":6.050902038764508,"swap_correct_pair_wins_end":0.5166666666666667,"swap_wrong_mean_margin_end":-3.465373781764409,"swap_wrong_pair_wins_end":0.375,"z":-5.659799760885683},"name":"Climate-FEVER-Streaming","passed":false},{"details":{"gate_margin":0.75,"gate_z":2.6,"geom_mean_cos_correct_end":0.7826461632078104,"geom_mean_cos_wrong_end":0.42716754944033136,"geom_mean_margin_end":0.35547861376747913,"geom_mean_pr_check_end":2.494158176543911,"geom_mean_pr_obs_end":3.9096958394119246,"geom_mean_pr_wrong_end":2.4758191521701063,"geom_pair_wins_end":0.9666666666666667,"geom_z_end":10.224154406761233,"inj_mean_margin_end":3.3241176781433524,"inj_pair_wins_end":0.6416666666666667,"inj_z_end":3.1037611591953747,"mean_R_correct_end":58.39673247886904,"mean_R_swap_correct_end":35.51300621706718,"mean_R_swap_wrong_end":32.09405665631434,"mean_R_wrong_end":52.776845381646034,"mean_dM_correct":-0.09309061863759092,"mean_dM_wrong":-2.8183397947317457,"mean_logR_correct_end":-1.396449976557616,"mean_logR_swap_correct_end":-5.103589926560754,"mean_logR_swap_wrong_end":-3.937470632009039,"mean_logR_wrong_end":-0.5184901366029954,"mean_margin":-0.8779598399546205,"mean_neighbor_sim":0.3771521646529436,"pair_wins":0.4583333333333333,"phase_delta_tau":0.75,"phase_gate_rate":0.6,"phase_mean_first_cross_frac":0.2222222222222222,"phase_min_tail":3.0,"phase_stable_cross_rate":0.15,"phi_proxy_bits":1.5872062823030408,"stream_series_summary":{"delta_mean":[-3.6032090160487726,-2.7754062166955387,-1.9476034173422976,-1.3915786124605785,-1.1073318020503788,-0.8230849916401793,-0.7068889533318338,-0.5906929150234883,-0.6016678846863767,-0.7398138623204975,-0.87795983995462],"delta_p25":[-2.809041253883383,-3.509248088727052,-3.291879619480145,-3.5371749673039883,-3.2001857586215507,-2.5017943090570154,-2.7488482394437344,-2.0949607773071492,-1.9166450099310248,-2.8377742333792932,-1.9226592885123406],"delta_p75":[0.034381544145211995,0.1612333794865693,0.30773252621974323,0.6127683273403521,0.6217477184447386,0.3635567017732789,0.5468382323096693,0.35724932371348045,0.3108256494980045,0.3490751024664597,0.3658140783900169],"grid_n":11},"swap_correct_mean_margin_end":3.7071399500031377,"swap_correct_pair_wins_end":0.6,"swap_wrong_mean_margin_end":2.541020655451424,"swap_wrong_pair_wins_end":0.6166666666666667,"z":-0.9128709291751101},"name":"SciFact-Streaming","passed":false},{"details":{"gate_margin":0.4,"gate_z":2.4,"mean_R_correct_end":15.398799145766876,"mean_R_swap_correct_end":10.852576309120748,"mean_R_swap_wrong_end":10.86514089270513,"mean_R_wrong_end":12.107573619149294,"mean_dM_correct":-2.828360218439918,"mean_dM_wrong":-0.8514860440885615,"mean_logR_correct_end":-5.462626450009368,"mean_logR_swap_correct_end":-8.974642364007225,"mean_logR_swap_wrong_end":-10.23635278963536,"mean_logR_wrong_end":-3.601410719550074,"mean_margin":-1.8612157304592936,"mean_neighbor_sim":0.6322464417666197,"pair_wins":0.4666666666666667,"phi_proxy_bits":1.5858201558483709,"swap_correct_mean_margin_end":3.512015913997858,"swap_correct_pair_wins_end":0.55,"swap_wrong_mean_margin_end":4.773726339625993,"swap_wrong_pair_wins_end":0.6291666666666667,"z":-1.0327955589885112},"name":"SNLI-Streaming","passed":false},{"details":{"gate_margin":0.4,"gate_z":2.4,"mean_R_correct_end":208.4190232180823,"mean_R_swap_correct_end":137.44399262854182,"mean_R_swap_wrong_end":64.1427934207421,"mean_R_wrong_end":142.59432935900682,"mean_dM_correct":-1.2184788087942602,"mean_dM_wrong":0.12333970653503577,"mean_logR_correct_end":-2.7909847234125773,"mean_logR_swap_correct_end":-5.934926641481623,"mean_logR_swap_wrong_end":-7.440636697318954,"mean_logR_wrong_end":-3.2029157590859723,"mean_margin":0.411931035673395,"mean_neighbor_sim":0.43173942863941195,"pair_wins":0.5,"phi_proxy_bits":0.6426867471821162,"swap_correct_mean_margin_end":3.1439419180690455,"swap_correct_pair_wins_end":0.5791666666666667,"swap_wrong_mean_margin_end":4.649651973906378,"swap_wrong_pair_wins_end":0.6541666666666667,"z":0.0},"name":"MNLI-Streaming","passed":false}],"run":{"ablation":"full","apply_to":"scifact","calibrate_on":"climate_fever","calibration_n":3,"dataset":"all","depth_power":0.0,"fast":false,"mode":"stream","neighbor_k":10,"phase_delta_tau":null,"phase_min_stable_rate":null,"phase_min_tail":null,"scifact_stream_seed":123,"scoring":"crossencoder","seed":123,"stress_min_pass_rate":null,"stress_n":10,"strict":false,"sweep_neighbor_k":"1,3,5,10","verify_n":1,"wrong_checks":"inflation"},"type":"EmpiricalMetricReceipt","version":1}
