{"results":[{"details":{"gate_margin":0.75,"gate_pair_wins_calibrated":0.6129166666666667,"gate_z":2.6,"mean_R_correct":307.3386799909503,"mean_R_swap":242.04597140281234,"mean_R_wrong":49.6118362589885,"mean_logR_correct":-1.952251920165891,"mean_logR_swap":-5.27759824126789,"mean_logR_wrong":-4.335112203547956,"mean_margin":2.3828602833820653,"pair_wins":0.7333333333333333,"phi_proxy_bits":0.40926318750640245,"swap_mean_margin":3.325346321101998,"swap_pair_wins":0.575,"z":5.1120772033806166},"name":"mnli->scifact:SciFact@seed=123","passed":true},{"details":{"gate_margin":0.75,"gate_pair_wins_calibrated":0.6129166666666667,"gate_z":2.6,"inj_mean_margin_end":6.712513651085383,"inj_pair_wins_end":0.6666666666666666,"inj_z_end":3.6514837167004406,"mean_R_correct_end":58.396724627312146,"mean_R_swap_correct_end":35.51298601342237,"mean_R_swap_wrong_end":16.390022234579813,"mean_R_wrong_end":12.95368363519066,"mean_dM_correct":-0.09309101195340415,"mean_dM_wrong":-0.5187425920686739,"mean_logR_correct_end":-1.3964496530588368,"mean_logR_swap_correct_end":-5.103589249575557,"mean_logR_swap_wrong_end":-9.265847659924695,"mean_logR_wrong_end":-5.678790410595167,"mean_margin":4.282340757536331,"pair_wins":0.7666666666666667,"phase_delta_tau":0.75,"phase_gate_rate":0.6,"phase_mean_first_cross_frac":0.0708955223880597,"phase_min_tail":3.0,"phase_stable_cross_rate":0.5583333333333333,"phi_proxy_bits":1.5872062823030408,"stream_series_summary":{"delta_mean":[3.856689177421063,4.191392897031191,4.526096616641323,4.70281456467042,4.721546741118492,4.740278917566561,4.730027350847235,4.719775784127915,4.62818815212187,4.455264454829101,4.28234075753633],"delta_p25":[4.263256414560601e-14,0.16297538232934983,0.0930792783630744,0.0,0.07069736332166279,0.2906832958445178,0.42494656708071776,0.30998520510852523,0.14827347535335542,0.08113534755285733,0.013997219752359236],"delta_p75":[5.821282644421962,5.937640748312168,6.682281854678147,7.017829435981103,7.085085183474369,6.921757233746839,6.390075404735728,5.51095357558512,5.241171164824164,5.61890329473128,5.762538447418225],"grid_n":11},"swap_correct_mean_margin_end":3.70713959651672,"swap_correct_pair_wins_end":0.6,"swap_wrong_mean_margin_end":7.86939800686586,"swap_wrong_pair_wins_end":0.7416666666666667,"z":5.842373946720705},"name":"mnli->scifact:SciFact-Streaming@seed=123","passed":true}],"run":{"ablation":"full","apply_to":"scifact","calibrate_on":"mnli","calibration_n":1,"dataset":"scifact","depth_power":0.0,"fast":false,"mode":"transfer","neighbor_k":10,"phase_delta_tau":null,"phase_min_stable_rate":null,"phase_min_tail":null,"scifact_stream_seed":123,"scoring":"crossencoder","seed":123,"stress_min_pass_rate":null,"stress_n":10,"strict":false,"sweep_neighbor_k":"1,3,5,10","verify_n":1,"wrong_checks":"dissimilar"},"type":"EmpiricalMetricReceipt","version":1}
