{"results":[{"details":{"gate_margin":0.75,"gate_z":2.6,"mean_R_correct_end":58.39672832154183,"mean_R_swap_correct_end":35.51300860952101,"mean_R_swap_wrong_end":23.347540809874378,"mean_R_wrong_end":23.5085165029084,"mean_dM_correct":-0.09309041055816643,"mean_dM_wrong":-1.0521208603546746,"mean_logR_correct_end":-1.3964499752583586,"mean_logR_swap_correct_end":-5.103589878191614,"mean_logR_swap_wrong_end":-4.430163866606538,"mean_logR_wrong_end":-2.523607721910555,"mean_margin":1.1271577466521967,"mean_neighbor_sim":0.3449620551119248,"pair_wins":0.675,"phi_proxy_bits":1.5872062823030408,"swap_correct_mean_margin_end":3.7071399029332563,"swap_correct_pair_wins_end":0.6,"swap_wrong_mean_margin_end":3.03371389134818,"swap_wrong_pair_wins_end":0.65,"z":3.834057902535463},"name":"SciFact-Streaming","passed":true},{"details":{"gate_margin":0.75,"gate_z":2.6,"mean_R_correct_end":47.526286973546625,"mean_R_swap_correct_end":34.18560603442359,"mean_R_swap_wrong_end":13.104001486838229,"mean_R_wrong_end":22.314413460270302,"mean_dM_correct":-0.882605862768812,"mean_dM_wrong":-0.5832016753513568,"mean_logR_correct_end":-2.4259635321870787,"mean_logR_swap_correct_end":-6.088846639417449,"mean_logR_swap_wrong_end":-5.0170395742299085,"mean_logR_wrong_end":-2.227634048318032,"mean_margin":-0.1983294838690475,"mean_neighbor_sim":0.3390744749456644,"pair_wins":0.575,"phi_proxy_bits":1.5504092822459952,"swap_correct_mean_margin_end":3.6628831072303694,"swap_correct_pair_wins_end":0.55,"swap_wrong_mean_margin_end":2.591076042042829,"swap_wrong_pair_wins_end":0.625,"z":1.6431676725151982},"name":"SciFact-Streaming","passed":false},{"details":{"gate_margin":0.75,"gate_z":2.6,"mean_R_correct_end":46.05310508673846,"mean_R_swap_correct_end":41.200255006479,"mean_R_swap_wrong_end":23.505068137954307,"mean_R_wrong_end":26.277064027735825,"mean_dM_correct":-1.3320235206153466,"mean_dM_wrong":-0.3829526644444512,"mean_logR_correct_end":-1.384313770032832,"mean_logR_swap_correct_end":-5.8835083139146045,"mean_logR_swap_wrong_end":-4.343655323949184,"mean_logR_wrong_end":-2.071230511217461,"mean_margin":0.6869167411846291,"mean_neighbor_sim":0.339766509955128,"pair_wins":0.6333333333333333,"phi_proxy_bits":1.6012914906003586,"swap_correct_mean_margin_end":4.499194543881773,"swap_correct_pair_wins_end":0.6166666666666667,"swap_wrong_mean_margin_end":2.9593415539163526,"swap_wrong_pair_wins_end":0.6833333333333333,"z":2.9211869733603524},"name":"SciFact-Streaming","passed":false},{"details":{"gate_margin":0.75,"gate_z":2.6,"mean_R_correct_end":37.351618072202996,"mean_R_swap_correct_end":32.71465314193736,"mean_R_swap_wrong_end":14.025989928596406,"mean_R_wrong_end":29.139062597770945,"mean_dM_correct":-3.37591267655201,"mean_dM_wrong":-1.2592570551786653,"mean_logR_correct_end":-5.024128970842708,"mean_logR_swap_correct_end":-8.100721917324485,"mean_logR_swap_wrong_end":-5.405478455601137,"mean_logR_wrong_end":-3.017759669804432,"mean_margin":-2.006369301038276,"mean_neighbor_sim":0.3303593162447214,"pair_wins":0.55,"phi_proxy_bits":1.4770759489135987,"swap_correct_mean_margin_end":3.076592946481777,"swap_correct_pair_wins_end":0.525,"swap_wrong_mean_margin_end":0.3813494847584296,"swap_wrong_pair_wins_end":0.5916666666666667,"z":1.0954451150101323},"name":"SciFact-Streaming","passed":false},{"details":{"gate_margin":0.75,"gate_z":2.6,"mean_R_correct_end":45.29442865873607,"mean_R_swap_correct_end":39.06694759403781,"mean_R_swap_wrong_end":27.290515047071217,"mean_R_wrong_end":25.046326618803725,"mean_dM_correct":0.018306013509889852,"mean_dM_wrong":-0.3004233470482428,"mean_logR_correct_end":-2.7783776434530885,"mean_logR_swap_correct_end":-7.596637788816291,"mean_logR_swap_wrong_end":-3.3616418947870117,"mean_logR_wrong_end":-2.4936962061736088,"mean_margin":-0.28468143727947925,"mean_neighbor_sim":0.343850821753343,"pair_wins":0.6583333333333333,"phi_proxy_bits":1.5929907406148445,"swap_correct_mean_margin_end":4.818260145363202,"swap_correct_pair_wins_end":0.6333333333333333,"swap_wrong_mean_margin_end":0.583264251333923,"swap_wrong_pair_wins_end":0.6,"z":3.4689095308654188},"name":"SciFact-Streaming","passed":false},{"details":{"gate_margin":0.75,"gate_z":2.6,"mean_R_correct_end":35.40984171519381,"mean_R_swap_correct_end":25.776821592084424,"mean_R_swap_wrong_end":20.27011163656116,"mean_R_wrong_end":24.240499751213058,"mean_dM_correct":-1.9743592981166884,"mean_dM_wrong":-0.6800674137055166,"mean_logR_correct_end":-3.3699582352280992,"mean_logR_swap_correct_end":-5.664860165746971,"mean_logR_swap_wrong_end":-3.673258796389342,"mean_logR_wrong_end":-1.9734319084339542,"mean_margin":-1.3965263267941457,"mean_neighbor_sim":0.34829576474924884,"pair_wins":0.575,"phi_proxy_bits":1.5471411156081005,"swap_correct_mean_margin_end":2.294901930518871,"swap_correct_pair_wins_end":0.525,"swap_wrong_mean_margin_end":0.30330056116124204,"swap_wrong_pair_wins_end":0.5416666666666666,"z":1.6431676725151982},"name":"SciFact-Streaming","passed":false},{"details":{"gate_min_pass_rate":0.66,"min_mean_R_correct_end":35.40984171519381,"min_mean_R_wrong_end":22.314413460270302,"min_mean_logR_correct_end":-5.024128970842708,"min_mean_logR_wrong_end":-3.017759669804432,"min_mean_margin":-2.006369301038276,"min_pair_wins":0.55,"min_z":1.0954451150101323,"neighbor_k":10.0,"pass_n":1.0,"pass_rate":0.16666666666666666,"seed_base":123.0,"trials":6.0},"name":"SciFact-Streaming-Stress","passed":false}],"run":{"ablation":"full","apply_to":"scifact","calibrate_on":"climate_fever","calibration_n":3,"dataset":"scifact","depth_power":0.0,"fast":false,"mode":"stress","neighbor_k":10,"scifact_stream_seed":123,"scoring":"crossencoder","seed":123,"stress_min_pass_rate":0.66,"stress_n":6,"strict":true,"sweep_neighbor_k":"1,3,5,10","verify_n":1,"wrong_checks":"neighbor"},"type":"EmpiricalMetricReceipt","version":1}
