{"results":[{"details":{"gate_margin":0.75,"gate_z":2.6,"mean_R_correct_end":199.86744098865404,"mean_R_indep_end":257.81734845759985,"mean_R_swap_correct_end":125.75650251079102,"mean_R_swap_wrong_end":149.75172647942773,"mean_R_wrong_end":245.1384413476686,"mean_dM_correct":-6.860485755671031,"mean_dM_wrong":-2.112912197859239,"mean_logR_correct_end":-7.085576586111548,"mean_logR_indep_end":-2.924156113665822,"mean_logR_swap_correct_end":-13.836108667928269,"mean_logR_swap_wrong_end":-11.834973027253941,"mean_logR_wrong_end":-9.558922940650913,"mean_margin":2.4733463545393652,"mean_neighbor_sim":NaN,"pair_wins":0.5,"phase_delta_tau":0.75,"phase_min_tail":3.0,"phase_stable_cross_rate":0.325,"phi_proxy_bits":1.5249509748875438,"stream_series_summary":{"delta_mean":[7.220919912351155,7.266526764343066,7.313928191916154,7.329703693025639,7.630607785827323,8.062672092988587,7.946809351833766,7.501080997880976,6.14272409996127,4.382942269153486,2.4733463545393644],"grid_n":11},"swap_correct_mean_margin_end":6.7505320818167185,"swap_correct_pair_wins_end":0.575,"swap_wrong_mean_margin_end":4.749396441142393,"swap_wrong_pair_wins_end":0.575,"z":0.0},"name":"Climate-FEVER-Streaming","passed":false},{"details":{"gate_margin":0.75,"gate_z":2.6,"geom_mean_cos_correct_end":0.7849572807449195,"geom_mean_cos_wrong_end":0.5856885449798014,"geom_mean_margin_end":0.19926873576511817,"geom_mean_pr_check_end":2.5179708510104835,"geom_mean_pr_obs_end":3.8916553071372535,"geom_mean_pr_wrong_end":2.06903471544179,"geom_pair_wins_end":0.9666666666666667,"geom_z_end":10.224154406761233,"inj_mean_margin_end":-1.0800410056095515,"inj_pair_wins_end":0.35833333333333334,"inj_z_end":-3.1037611591953747,"mean_R_correct_end":87.9492962299008,"mean_R_swap_correct_end":52.05799685165633,"mean_R_swap_wrong_end":43.757653220187855,"mean_R_wrong_end":20.38496091063185,"mean_dM_correct":-2.0057612506549947,"mean_dM_wrong":-2.7188142193952727,"mean_logR_correct_end":-2.633726809350955,"mean_logR_swap_correct_end":-6.327507093332431,"mean_logR_swap_wrong_end":-16.906621133368656,"mean_logR_wrong_end":-16.75019181810988,"mean_margin":14.116465008758924,"pair_wins":0.8416666666666667,"phase_delta_tau":0.75,"phase_gate_rate":0.6,"phase_mean_first_cross_frac":0.08552631578947369,"phase_min_tail":3.0,"phase_stable_cross_rate":0.6333333333333333,"phi_proxy_bits":1.5509155531187455,"stream_series_summary":{"delta_mean":[13.403412040018646,13.59418590414594,13.784959768273234,13.837313371187605,13.75124671288904,13.665180054590502,14.061858191243312,14.458536327896104,14.548793318729798,14.332629163744363,14.116465008758922],"delta_p25":[0.28180208198067014,1.2091278033400779,1.319688217824095,0.8967641331770992,1.4159949096509319,0.22329885669275407,2.3816796970581233,2.9405064942832206,2.8789232578763038,2.1048616726765577,0.35907869866467435],"delta_p75":[27.620037536605984,26.065406079543408,26.83204781770396,25.50112746139083,25.438810185755315,26.49571590757931,27.119394349040007,27.636882715036755,28.012598179223676,26.889226145287523,27.95148343423923],"grid_n":11},"swap_correct_mean_margin_end":3.6937802839814764,"swap_correct_pair_wins_end":0.6416666666666667,"swap_wrong_mean_margin_end":14.2728943240177,"swap_wrong_pair_wins_end":0.7666666666666667,"z":7.485541619235903},"name":"SciFact-Streaming","passed":true},{"details":{"gate_margin":0.4,"gate_z":2.4,"mean_R_correct_end":15.412689789283702,"mean_R_swap_correct_end":10.886595174869308,"mean_R_swap_wrong_end":7.5901020130880275,"mean_R_wrong_end":13.428957504433054,"mean_dM_correct":-2.9567375005798073,"mean_dM_wrong":-2.8163078594637225,"mean_logR_correct_end":-5.4497804240700045,"mean_logR_swap_correct_end":-8.898595621947543,"mean_logR_swap_wrong_end":-14.855048270740692,"mean_logR_wrong_end":-11.780099499230905,"mean_margin":6.330319075160899,"pair_wins":0.6,"phi_proxy_bits":1.5851910829299092,"swap_correct_mean_margin_end":3.4488151978775363,"swap_correct_pair_wins_end":0.55,"swap_wrong_mean_margin_end":9.405267846670688,"swap_wrong_pair_wins_end":0.675,"z":3.0983866769655335},"name":"SNLI-Streaming","passed":true},{"details":{"gate_margin":0.4,"gate_z":2.4,"mean_R_correct_end":206.88044045488297,"mean_R_swap_correct_end":137.5546998511153,"mean_R_swap_wrong_end":70.48709675110028,"mean_R_wrong_end":50.225908895503785,"mean_dM_correct":-0.9523016363992092,"mean_dM_wrong":-1.3373730193919766,"mean_logR_correct_end":-2.7200628082003835,"mean_logR_swap_correct_end":-5.751844581564031,"mean_logR_swap_wrong_end":-13.03376574802631,"mean_logR_wrong_end":-10.911986023173768,"mean_margin":8.191923214973384,"pair_wins":0.6333333333333333,"phi_proxy_bits":0.6321266532001545,"swap_correct_mean_margin_end":3.0317817733636474,"swap_correct_pair_wins_end":0.5791666666666667,"swap_wrong_mean_margin_end":10.313702939825928,"swap_wrong_pair_wins_end":0.6791666666666667,"z":4.131182235954045},"name":"MNLI-Streaming","passed":true}],"run":{"ablation":"full","apply_to":"scifact","calibrate_on":"climate_fever","calibration_n":3,"dataset":"all","depth_power":0.0,"fast":false,"mode":"stream","neighbor_k":10,"phase_delta_tau":null,"phase_min_stable_rate":null,"phase_min_tail":null,"scifact_stream_seed":123,"scoring":"crossencoder","seed":123,"stress_min_pass_rate":null,"stress_n":10,"strict":false,"sweep_neighbor_k":"1,3,5,10","verify_n":1,"wrong_checks":"paraphrase"},"type":"EmpiricalMetricReceipt","version":1}
