{"results":[{"geometry":{"geom_mean_cos_correct_end":0.7910030705194031,"geom_mean_cos_wrong_end":0.26556186965002415,"geom_mean_margin_end":0.525441200869379,"geom_mean_pr_check_end":2.505441584541561,"geom_mean_pr_obs_end":3.897176225323716,"geom_mean_pr_wrong_end":2.526819132985004,"geom_pair_wins_end":1.0,"geom_qgtl_berry_correct_mean":-0.663130136328288,"geom_qgtl_berry_margin_mean":-1.0552128851413727,"geom_qgtl_berry_wrong_mean":0.3920827488130847,"geom_qgtl_df_check_mean":2.5054415869576276,"geom_qgtl_df_obs_mean":3.897176228604065,"geom_qgtl_df_wrong_mean":2.526819145641995,"geom_z_end":3.999999999998},"name":"SciFact-Streaming","passed":true}],"run":{"dataset":"scifact","fast":true,"mode":"stream","neighbor_k":10,"require_geometry_gate":false,"scoring":"cosine","seed":123,"strict":false,"wrong_checks":"neighbor"},"type":"GeometrySummary","version":1}
