{
  "test": "Q57-mera-rt-scaling-v3",
  "timestamp": "2026-05-21T21:55:54.171661+00:00",
  "parameters": {
    "N": 4096,
    "M_TRIALS": 100,
    "PERTURB_PROB": 0.001,
    "R_ROUNDS": 12,
    "N_OFFSETS": 3,
    "subregion_sizes": [
      4,
      8,
      16,
      32,
      64,
      128,
      256,
      512
    ]
  },
  "conditions": {
    "multiscale": {
      "curve": {
        "L_values": [
          4,
          8,
          16,
          32,
          64,
          128,
          256,
          512
        ],
        "D_eff_mean": [
          1.0,
          1.0,
          2.332857323266694,
          3.9985721362529336,
          6.129359548717335,
          11.004149666492717,
          22.0309891695297,
          36.79113694906276
        ],
        "D_eff_std": [
          0.0,
          0.0,
          1.2466921012550538,
          1.4133481882967962,
          2.4539983841364883,
          1.4001680081721803,
          2.115237080659843,
          1.8758595031956395
        ],
        "offsets": [
          3174,
          3507,
          860
        ]
      },
      "fits": {
        "power_law": {
          "A": 0.25801947224807553,
          "alpha": 0.7862642944676735,
          "r2": 0.9926245046120857
        },
        "log": {
          "a": 4.569494868252743,
          "b": -14.59633867622483,
          "r2": 0.7740231518013608
        },
        "linear": {
          "a": 0.07157463340782916,
          "b": 1.4101173242982012,
          "r2": 0.9923427479404549
        }
      }
    },
    "standard": {
      "curve": {
        "L_values": [
          4,
          8,
          16,
          32,
          64,
          128,
          256,
          512
        ],
        "D_eff_mean": [
          1.0,
          1.0,
          2.3328573232666945,
          3.998572136252933,
          6.1294197768912,
          11.083787360515089,
          22.120682748538343,
          36.87817058605293
        ],
        "D_eff_std": [
          0.0,
          0.0,
          1.2466921012550545,
          1.4133481882967953,
          2.454004930487418,
          1.3487752053463322,
          2.087041630717019,
          1.8191220335619454
        ],
        "offsets": [
          3174,
          3507,
          860
        ]
      },
      "fits": {
        "power_law": {
          "A": 0.2574719265290423,
          "alpha": 0.7872689863253255,
          "r2": 0.9928398569499898
        },
        "log": {
          "a": 4.584931495207687,
          "b": -14.649186982202641,
          "r2": 0.7746668959147458
        },
        "linear": {
          "a": 0.07177979135072338,
          "b": 1.4160128308185393,
          "r2": 0.992155063029829
        }
      }
    },
    "random": {
      "curve": {
        "L_values": [
          4,
          8,
          16,
          32,
          64,
          128,
          256,
          512
        ],
        "D_eff_mean": [
          1.0,
          1.0,
          2.3328573232666945,
          3.998572136252933,
          6.129389751652352,
          11.324822492757411,
          22.3747352024382,
          36.81428745245382
        ],
        "D_eff_std": [
          0.0,
          0.0,
          1.2466921012550547,
          1.413348188296796,
          2.4540016666017186,
          1.2434585713392958,
          2.036584499453473,
          1.7516884190953186
        ],
        "offsets": [
          3174,
          3507,
          860
        ]
      },
      "fits": {
        "power_law": {
          "A": 0.2566313393309933,
          "alpha": 0.7891495769399683,
          "r2": 0.9937233060424044
        },
        "log": {
          "a": 4.6033381107528495,
          "b": -14.696526564288002,
          "r2": 0.7789440583813988
        },
        "linear": {
          "a": 0.07181717732446297,
          "b": 1.4651429225975263,
          "r2": 0.9907020413816516
        }
      }
    }
  },
  "verdicts": {
    "multiscale": "EXTENSIVE",
    "standard": "EXTENSIVE",
    "random": "EXTENSIVE"
  },
  "overall": "NOT_SUPPORTED"
}