{
  "test": "Q57-mera-rt-scaling",
  "timestamp": "2026-05-21T21:38:28.568947+00:00",
  "parameters": {
    "N": 4096,
    "M_TRIALS": 200,
    "N_BINS": 8,
    "BIN_SHIFT": 5,
    "R_ROUNDS": 12,
    "distances": [
      1,
      2,
      4,
      8,
      16,
      32,
      64,
      128,
      256,
      512,
      1024
    ]
  },
  "conditions": {
    "multiscale": {
      "curve": {
        "distances": [
          1,
          2,
          4,
          8,
          16,
          32,
          64,
          128,
          256,
          512,
          1024
        ],
        "mi_values": [
          0.15299286391975275,
          0.17501165276949981,
          0.12999825445444607,
          0.2076999575269928,
          0.16799623210415504,
          0.19688947176223284,
          0.19984889605062586,
          0.1990937024944327,
          0.1878586913591671,
          0.17312031414619874,
          0.18097618105363822
        ]
      },
      "fits": {
        "log": {
          "params": [
            0.0029142972342054824,
            0.16465453361469545
          ],
          "r2": 0.1758386319581814,
          "r2_ci95": [
            0.005059090132791008,
            0.5708848195337534
          ]
        },
        "exponential": {
          "params": [
            0.1823028544927406,
            9999.999999998321
          ],
          "r2": -0.09273419114609394,
          "r2_ci95": [
            -0.33615315753609937,
            0.1999603371820244
          ]
        },
        "constant": {
          "params": [
            0.17922601978555838
          ],
          "r2": 0.0,
          "r2_ci95": [
            -2.220446049250313e-16,
            2.220446049250313e-16
          ]
        },
        "n_valid_points": 11,
        "distances_used": [
          1.0,
          2.0,
          4.0,
          8.0,
          16.0,
          32.0,
          64.0,
          128.0,
          256.0,
          512.0,
          1024.0
        ],
        "mi_values_used": [
          0.15299286391975275,
          0.17501165276949981,
          0.12999825445444607,
          0.2076999575269928,
          0.16799623210415504,
          0.19688947176223284,
          0.19984889605062586,
          0.1990937024944327,
          0.1878586913591671,
          0.17312031414619874,
          0.18097618105363822
        ]
      },
      "winner": "log",
      "winner_r2": 0.1758386319581814
    },
    "standard": {
      "curve": {
        "distances": [
          1,
          2,
          4,
          8,
          16,
          32,
          64,
          128,
          256,
          512,
          1024
        ],
        "mi_values": [
          0.15299286391975267,
          0.17501165276949981,
          0.1299982544544461,
          0.20769995752699275,
          0.16799623210415526,
          0.19688947176223284,
          0.1998488960506258,
          0.19909370249443267,
          0.18785869135916705,
          0.17312031414619866,
          0.1809761810536381
        ]
      },
      "fits": {
        "log": {
          "params": [
            0.002914297234205474,
            0.16465453361469548
          ],
          "r2": 0.17583863195818106,
          "r2_ci95": [
            0.00505909013279124,
            0.5708848195337534
          ]
        },
        "exponential": {
          "params": [
            0.18230285450081074,
            9999.999999998321
          ],
          "r2": -0.09273419114609327,
          "r2_ci95": [
            -0.3361531575360988,
            0.19996033718202616
          ]
        },
        "constant": {
          "params": [
            0.17922601978555833
          ],
          "r2": 0.0,
          "r2_ci95": [
            -2.220446049250313e-16,
            2.220446049250313e-16
          ]
        },
        "n_valid_points": 11,
        "distances_used": [
          1.0,
          2.0,
          4.0,
          8.0,
          16.0,
          32.0,
          64.0,
          128.0,
          256.0,
          512.0,
          1024.0
        ],
        "mi_values_used": [
          0.15299286391975267,
          0.17501165276949981,
          0.1299982544544461,
          0.20769995752699275,
          0.16799623210415526,
          0.19688947176223284,
          0.1998488960506258,
          0.19909370249443267,
          0.18785869135916705,
          0.17312031414619866,
          0.1809761810536381
        ]
      },
      "winner": "log",
      "winner_r2": 0.17583863195818106
    },
    "random": {
      "curve": {
        "distances": [
          1,
          2,
          4,
          8,
          16,
          32,
          64,
          128,
          256,
          512,
          1024
        ],
        "mi_values": [
          0.15299286391975273,
          0.1750116527694998,
          0.12999825445444607,
          0.20769995752699266,
          0.1679962321041552,
          0.19688947176223293,
          0.19984889605062586,
          0.1990937024944326,
          0.18785869135916708,
          0.17312031414619872,
          0.1809761810536382
        ]
      },
      "fits": {
        "log": {
          "params": [
            0.0029142972342054816,
            0.16465453361469545
          ],
          "r2": 0.17583863195818195,
          "r2_ci95": [
            0.005059090132791568,
            0.5708848195337533
          ]
        },
        "exponential": {
          "params": [
            0.18230285449868,
            9999.999999998321
          ],
          "r2": -0.09273419114609438,
          "r2_ci95": [
            -0.3361531575360998,
            0.19996033718202355
          ]
        },
        "constant": {
          "params": [
            0.17922601978555833
          ],
          "r2": 0.0,
          "r2_ci95": [
            -2.220446049250313e-16,
            3.3306690738754696e-16
          ]
        },
        "n_valid_points": 11,
        "distances_used": [
          1.0,
          2.0,
          4.0,
          8.0,
          16.0,
          32.0,
          64.0,
          128.0,
          256.0,
          512.0,
          1024.0
        ],
        "mi_values_used": [
          0.15299286391975273,
          0.1750116527694998,
          0.12999825445444607,
          0.20769995752699266,
          0.1679962321041552,
          0.19688947176223293,
          0.19984889605062586,
          0.1990937024944326,
          0.18785869135916708,
          0.17312031414619872,
          0.1809761810536382
        ]
      },
      "winner": "log",
      "winner_r2": 0.17583863195818195
    }
  },
  "verdicts": {
    "multiscale": "INCONCLUSIVE",
    "standard": "INCONCLUSIVE",
    "random": "INCONCLUSIVE"
  },
  "overall": "INCONCLUSIVE"
}