{
  "test": "Q57-mera-rt-scaling-v4",
  "timestamp": "2026-05-21T21:59:24.576055+00:00",
  "parameters": {
    "N": 4096,
    "M_TRIALS": 200,
    "R_ROUNDS": 12,
    "N_OFFSETS": 3,
    "subregion_sizes": [
      4,
      8,
      16,
      32,
      64,
      128,
      256,
      512
    ]
  },
  "conditions": {
    "multiscale": {
      "curve": {
        "L_values": [
          4,
          8,
          16,
          32,
          64,
          128,
          256,
          512
        ],
        "D_eff_mean": [
          3.9364527788682664,
          7.650168813333114,
          14.828293628982097,
          27.812530768887587,
          48.68034305714579,
          77.9361511032893,
          112.62886013816895,
          143.63084852788867
        ],
        "D_eff_std": [
          0.011798771615119334,
          0.009178792055414805,
          0.1273518521056961,
          0.11382625920426462,
          0.3592161510139124,
          0.4537864862815736,
          0.5605901500277236,
          0.15378253782510617
        ],
        "offsets": [
          3174,
          3507,
          860
        ]
      },
      "fits": {
        "power_law": {
          "A": 1.6960249994260472,
          "alpha": 0.7585048827941095,
          "r2": 0.8625652076644161
        },
        "log": {
          "a": 20.39220966164884,
          "b": -57.519197036998186,
          "r2": 0.9219530183462855
        },
        "linear": {
          "a": 0.2776545201431203,
          "b": 19.23700479791131,
          "r2": 0.8931318660884353
        }
      }
    },
    "standard": {
      "curve": {
        "L_values": [
          4,
          8,
          16,
          32,
          64,
          128,
          256,
          512
        ],
        "D_eff_mean": [
          3.9359138872245847,
          7.713872457793283,
          14.89653226319536,
          27.766870400206813,
          48.54470457962369,
          78.50028538296714,
          112.67483845911988,
          143.70541691303768
        ],
        "D_eff_std": [
          0.020123971787203147,
          0.09606027862850439,
          0.08732620134306755,
          0.12384712163217833,
          0.27846122486140157,
          0.24306759416543577,
          0.1996219132165227,
          0.1225275890355416
        ],
        "offsets": [
          3174,
          3507,
          860
        ]
      },
      "fits": {
        "power_law": {
          "A": 1.702648212685474,
          "alpha": 0.7580220076570876,
          "r2": 0.8620428058563212
        },
        "log": {
          "a": 20.414052914754542,
          "b": -57.559986739541706,
          "r2": 0.9220845721969803
        },
        "linear": {
          "a": 0.2778034291389153,
          "b": 19.297366951834164,
          "r2": 0.8923050641955684
        }
      }
    },
    "random": {
      "curve": {
        "L_values": [
          4,
          8,
          16,
          32,
          64,
          128,
          256,
          512
        ],
        "D_eff_mean": [
          1.0,
          1.0,
          1.0,
          1.0,
          1.0,
          1.0,
          1.0,
          1.0
        ],
        "D_eff_std": [
          0.0,
          0.0,
          0.0,
          0.0,
          0.0,
          0.0,
          0.0,
          0.0
        ],
        "offsets": [
          3174,
          3507,
          860
        ]
      },
      "fits": {
        "power_law": {
          "A": 1.0,
          "alpha": 0.0,
          "r2": 0.0
        },
        "log": {
          "a": 0.0,
          "b": 1.0,
          "r2": 0.0
        },
        "linear": {
          "a": -4.141122881791621e-12,
          "b": 1.0000000005218423,
          "r2": 0.0
        }
      }
    }
  },
  "verdicts": {
    "multiscale": "LOG_DOMINANT",
    "standard": "LOG_DOMINANT",
    "random": "SUB_EXTENSIVE"
  },
  "overall": "PASS"
}