{
  "test": "Q57-mera-rt-scaling-v5",
  "timestamp": "2026-05-21T22:05:27.168436+00:00",
  "parameters": {
    "N": 4096,
    "R_ROUNDS": 12,
    "M_TRIALS": 200,
    "subregion_sizes_geo": [
      4,
      8,
      16,
      32,
      64,
      128,
      256,
      512,
      1024,
      2048
    ],
    "subregion_sizes_emp": [
      4,
      8,
      16,
      32,
      64,
      128,
      256,
      512,
      1024,
      2048
    ]
  },
  "test_a_geometric": {
    "L_values": [
      4,
      8,
      16,
      32,
      64,
      128,
      256,
      512,
      1024,
      2048
    ],
    "multiscale_cuts": [
      10,
      9,
      8,
      7,
      6,
      5,
      4,
      3,
      2,
      1
    ],
    "standard_cuts": [
      48,
      96,
      192,
      384,
      768,
      1536,
      3072,
      6144,
      12288,
      24576
    ],
    "multiscale_fits": {
      "log": {
        "a": -1.0,
        "b": 12.0,
        "r2": 1.0
      },
      "linear": {
        "a": -0.003665689149559892,
        "b": 7.000000000000113,
        "r2": 0.6381409401937261
      }
    },
    "standard_fits": {
      "log": {
        "a": 2089.0181797869477,
        "b": -8668.218168615158,
        "r2": 0.6381409401937261
      },
      "linear": {
        "a": 12.0,
        "b": -1.1957084288884941e-12,
        "r2": 1.0
      }
    },
    "multiscale_is_mera": true,
    "standard_is_volume": true
  },
  "test_b_empirical": {
    "multiscale": {
      "L": [
        4,
        8,
        16,
        32,
        64,
        128,
        256,
        512,
        1024,
        2048
      ],
      "D_eff": [
        3.934115146439772,
        7.737638050373447,
        14.838160503111405,
        27.591102296380154,
        48.74310204341905,
        78.30642130325027,
        112.51346898488505,
        143.45156609604678,
        166.75445188906943,
        181.2075545524201
      ]
    },
    "standard": {
      "L": [
        4,
        8,
        16,
        32,
        64,
        128,
        256,
        512,
        1024,
        2048
      ],
      "D_eff": [
        3.926527792371686,
        7.723655502022428,
        14.973984477671166,
        27.777024449411545,
        48.53425234411344,
        78.36205216233189,
        112.28225810729627,
        143.41705308098489,
        166.76945932774194,
        181.5656033963961
      ]
    },
    "random": {
      "L": [
        4,
        8,
        16,
        32,
        64,
        128,
        256,
        512,
        1024,
        2048
      ],
      "D_eff": [
        1.0,
        1.0,
        1.0,
        1.0,
        1.0,
        1.0,
        1.0,
        1.0,
        1.0,
        1.0
      ]
    }
  },
  "overall": "PASS"
}