{
  "model": "MPNet",
  "testA": {
    "real_r": 0.9868791103363037,
    "rand_mean_r": 0.9789825281267186,
    "rand_std_r": 0.006859100309188527,
    "p_better": 0.07
  },
  "testB": {
    "indiv_r": 0.9452213515712371,
    "indiv_sqrt_r": 0.9999999999999991,
    "mae": 1.7786150348099945e-09,
    "rmse": 2.5657816600340444e-09
  }
}