{
  "model": "MiniLM",
  "testA": {
    "real_r": 0.9860242605209351,
    "rand_mean_r": 0.9808088362992371,
    "rand_std_r": 0.005718518579679479,
    "p_better": 0.16
  },
  "testB": {
    "indiv_r": 0.9536498242519674,
    "indiv_sqrt_r": 0.9999999999999989,
    "mae": 2.1349396843854633e-09,
    "rmse": 2.889103927841266e-09
  }
}