{
  "test_name": "Q8_TEST1_CHERN_CLASS",
  "timestamp": "2026-01-17T10:02:42.201158",
  "config": {
    "quick_mode": true,
    "n_triangles": 10000,
    "c1_target": 1.0,
    "c1_tolerance": 0.1
  },
  "positive_tests": {
    "models": {
      "MiniLM-L6": {
        "c1": 0.9427856498277948,
        "ci": {
          "mean": 0.8885727601210042,
          "ci_lower": 0.8752456376450226,
          "ci_upper": 0.9000539393637774,
          "std": 0.006890476169377663,
          "n_samples": 100,
          "n_bootstrap": 1000,
          "confidence_level": 0.95
        },
        "n_triangles": 100,
        "method": "spectral_alpha",
        "passes_test": 