{
  "reference_model": "all-MiniLM-L6-v2",
  "reference_invariants": {
    "eigenvalue_spectrum": [
      1.0,
      0.41300642490386963,
      0.34856903553009033,
      0.3365665376186371,
      0.26885515451431274
    ],
    "cross_ratios": [
      1.0077619577335095,
      1.171358958520953,
      1.1623369482564898,
      1.1090983452877312,
      0.9541969279660113
    ],
    "triangle_areas": [
      0.18930553971104694,
      0.22338776737765548,
      0.1784716268881462,
      0.2640295453498403,
      0.20069851417932555,
      0.2386855154851132,
      0.2484339377911654,
      0.2103759647031176,
      0.25439824094489005,
      0.25463621900571876
    ],
    "triangle_angles": [
      1.082475670031933,
      1.1831896003198434,
      0.875927383238017,
      1.1432463113695164,
      1.242613593408496,
      0.7557327488117805,
      1.2273168703298878,
      1.0022871614631597,
      0.9119886217967459,
      1.1025528611002489,
      1.1291642490182192,
      0.9098755434713253,
      1.0727497914813393,
      0.9314394756914507,
      1.1374033864170032,
      1.1489261631694556,
      0.8002190271470623,
      1.1924474632732753,
      1.1572294743872642,
      1.1012631185562576,
      0.8831000606462713,
      1.0431880455065217,
      1.079751637572175,
      1.0186529705110967,
      1.1321114836690886,
      0.9198963428531816,
      1.0895848270675232,
      1.1213818874271093,
      0.8874873867528121,
      1.1327233794098719
    ],
    "distance_ratios": [
      0.7244883171587383,
      0.7339814862698454,
      0.7379493500919858,
      0.7536636498034139,
      0.7822331934845812,
      0.7864619034002477,
      0.8032092561286039,
      0.829686858678032,
      0.8397751203255815,
      0.8438529083075587,
      0.848414731035674,
      0.8571020348674484,
      0.8609819135549135,
      0.8664813413815241,
      0.8697978984772681,
      0.873206932930202,
      0.874021471349711,
      0.8787463836817198,
      0.8846488028499364,
      0.8894311659555334,
      0.894981667071193,
      0.9083712028466397,
      0.9134476474111057,
      0.9269781330177996,
      0.9383154440176708,
      0.965483041285514,
      0.9738846851129115,
      0.9791494525236463,
      0.9854036625840945,
      1.0054059453765047,
      1.012159119482287,
      1.013103274250628,
      1.018580055211985,
      1.0206328029046028,
      1.0330427991026614,
      1.040270259649036,
      1.048344793435859,
      1.1142571630522833,
      1.130927209709842,
      1.1372474114825828,
      1.159128588324197,
      1.1677433980294405,
      1.1830446600281808,
      1.2005685638774652,
      1.2951422704751248
    ],
    "rank_order": [
      2,
      7,
      9,
      5,
      1,
      6,
      8,
      4,
      3,
      0
    ]
  },
  "comparisons": {
    "all-mpnet-base-v2": {
      "eigenvalue_spectrum": {
        "name": "eigenvalue_spectrum",
        "pearson": 0.9953754110620879,
        "spearman": 0.9999999999999999,
        "rel_error": 0.17727771917664603,
        "mean_diff": 0.06145575046539307
      },
      "cross_ratios": {
        "name": "cross_ratios",
        "pearson": 0.9394831047288856,
        "spearman": 0.6,
        "rel_error": 0.05609350697047212,
        "mean_diff": 0.06070598577000259
      },
      "triangle_areas": {
        "name": "triangle_areas",
        "pearson": 0.9151739065285251,
        "spearman": 0.9393939393939393,
        "rel_error": 0.19105855479799339,
        "mean_diff": 0.04377237149181716
      },
      "triangle_angles": {
        "name": "triangle_angles",
        "pearson": 0.876482862570041,
        "spearman": 0.8553948832035595,
        "rel_error": 0.061384217531743154,
        "mean_diff": 0.062534153544685
      },
      "distance_ratios": {
        "name": "distance_ratios",
        "pearson": 0.9909442096648583,
        "spearman": 0.9999999999999999,
        "rel_error": 0.028259166853274856,
        "mean_diff": 0.02722206310460291
      },
      "rank_order": {
        "name": "rank_order",
        "pearson": 0.35757575757575755,
        "spearman": 0.35757575757575755,
        "rel_error": 3000000000.854762,
        "mean_diff": 2.6
      }
    },
    "e5-large-v2": {
      "eigenvalue_spectrum": {
        "name": "eigenvalue_spectrum",
        "pearson": 0.9868973678249231,
        "spearman": 0.9999999999999999,
        "rel_error": 0.7223550769689261,
        "mean_diff": 0.24696504175662995
      },
      "cross_ratios": {
        "name": "cross_ratios",
        "pearson": -0.7394546920206462,
        "spearman": -0.7999999999999999,
        "rel_error": 0.15879260473066154,
        "mean_diff": 0.16958431217425013
      },
      "triangle_areas": {
        "name": "triangle_areas",
        "pearson": -0.06305769375753985,
        "spearman": 0.01818181818181818,
        "rel_error": 0.9589762603558036,
        "mean_diff": 0.21712232045314703
      },
      "triangle_angles": {
        "name": "triangle_angles",
        "pearson": -0.014170271348815572,
        "spearman": -0.05139043381535039,
        "rel_error": 0.14690597118988274,
        "mean_diff": 0.14844928696853485
      },
      "distance_ratios": {
        "name": "distance_ratios",
        "pearson": 0.9827946240303822,
        "spearman": 0.9999999999999999,
        "rel_error": 0.040159393688020455,
        "mean_diff": 0.036558895518233235
      },
      "rank_order": {
        "name": "rank_order",
        "pearson": -0.018181818181818188,
        "spearman": -0.01818181818181818,
        "rel_error": 7000000000.746071,
        "mean_diff": 3.4
      }
    },
    "bge-large-en-v1.5": {
      "eigenvalue_spectrum": {
        "name": "eigenvalue_spectrum",
        "pearson": 0.9895337674247167,
        "spearman": 0.9999999999999999,
        "rel_error": 0.5670277284235234,
        "mean_diff": 0.1942841500043869
      },
      "cross_ratios": {
        "name": "cross_ratios",
        "pearson": 0.287930736289161,
        "spearman": 0.09999999999999999,
        "rel_error": 0.08855703044969823,
        "mean_diff": 0.09692895172100449
      },
      "triangle_areas": {
        "name": "triangle_areas",
        "pearson": 0.3858742693210742,
        "spearman": 0.2606060606060606,
        "rel_error": 0.7583668736142138,
        "mean_diff": 0.17221081665708562
      },
      "triangle_angles": {
        "name": "triangle_angles",
        "pearson": 0.308066199060749,
        "spearman": 0.2640711902113459,
        "rel_error": 0.11692703785562285,
        "mean_diff": 0.11837878335131932
      },
      "distance_ratios": {
        "name": "distance_ratios",
        "pearson": 0.9916464341917028,
        "spearman": 0.9999999999999999,
        "rel_error": 0.03923704455136567,
        "mean_diff": 0.037617751461857314
      },
      "rank_order": {
        "name": "rank_order",
        "pearson": 0.3575757575757576,
        "spearman": 0.35757575757575755,
        "rel_error": 0.6117460317247879,
        "mean_diff": 2.4
      }
    },
    "gte-large": {
      "eigenvalue_spectrum": {
        "name": "eigenvalue_spectrum",
        "pearson": 0.9865318228018536,
        "spearman": 0.9999999999999999,
        "rel_error": 0.6849140106931302,
        "mean_diff": 0.23456207141280175
      },
      "cross_ratios": {
        "name": "cross_ratios",
        "pearson": -0.5146648236340999,
        "spearman": -0.7,
        "rel_error": 0.11857385066407844,
        "mean_diff": 0.1286188480280101
      },
      "triangle_areas": {
        "name": "triangle_areas",
        "pearson": 0.20950570927535275,
        "spearman": 0.2121212121212121,
        "rel_error": 0.9199451467960248,
        "mean_diff": 0.20840772334964902
      },
      "triangle_angles": {
        "name": "triangle_angles",
        "pearson": 0.15968534786996247,
        "spearman": 0.07586206896551724,
        "rel_error": 0.11521559682382851,
        "mean_diff": 0.1150082465648361
      },