{
  "timestamp": "2026-01-18T10:08:58.878831",
  "model": "all-MiniLM-L6-v2",
  "vocabulary_size": 140,
  "angle_distribution": {
    "test_name": "angle_distribution",
    "passed": false,
    "angle_peak": 62.5,
    "angle_peak_strength": 1.8728060748762039,
    "nn_ratio_mean": 0.0,
    "nn_ratio_expected": 1.0,
    "cohens_d_vs_random": 0.0,
    "p_value": 1.7485457993701848e-12,
    "details": {
      "vocabulary_size": 140,
      "embedding_dim": 384,
      "n_triangles": 265,
      "histogram": [
        12,
        25,
        26,
        34,
        34,
        48,
        36,
        50,
        29,
        46,
        50,
        37,
        53,
        44,
        26,
        30,
        26,
        27,
        34,
        25,
        23,
        11,
        14,
        7,
        7,
        6,
        5,
        8,
        6,
        0,
        6,
        0,
        4,
        4,
        0,
        2
      ],
      "bin_centers": [
        2.5,
        7.5,
        12.5,
        17.5,
        22.5,
        27.5,
        32.5,
        37.5,
        42.5,
        47.5,
        52.5,
        57.5,
        62.5,
        67.5,
        72.5,
        77.5,
        82.5,
        87.5,
        92.5,
        97.5,
        102.5,
        107.5,
        112.5,
        117.5,
        122.5,
        127.5,
        132.5,
        137.5,
        142.5,
        147.5,
        152.5,
        157.5,
        162.5,
        167.5,
        172.5,
        177.5
      ],
      "is_60_peak": true,
      "random_peak_angle": 32.5
    }
  },
  "nn_ratios": {
    "test_name": "nn_ratios",
    "passed": false,
    "angle_peak": 0.0,
    "angle_peak_strength": 0.0,
    "nn_ratio_mean": 1.8417214042111905,
    "nn_ratio_expected": 1.0,
    "cohens_d_vs_random": -0.12266449248338705,
    "p_value": 0.3056495198453396,
    "details": {
      "vocabulary_size": 140,
      "random_ratio_mean": 2.111413425841876,
      "closer_to_hexagonal": true
    }
  },
  "hexagonal_confirmed": false
}