{
  "timestamp": "2026-01-18T09:48:26.936417",
  "model": "all-MiniLM-L6-v2",
  "threshold_sweep": {
    "parameter_name": "threshold",
    "values": [
      2.6535982965299025,
      3.015695637694096,
      3.183624110505826,
      3.388690241670777,
      3.73904198160327,
      1.0,
      1.4142135623730951,
      1.5,
      1.7320508075688772,
      1.8,
      2.0,
      2.5,
      4.0,
      5.0
    ],
    "value_names": [
      "p25=2.65",
      "p40=3.02",
      "p50=3.18",
      "p60=3.39",
      "p75=3.74",
      "1.0",
      "sqrt(2)",
      "1.5",
      "sqrt(3)",
      "1.8",
      "2.0",
      "2.5",
      "4.0",
      "5.0"
    ],
    "f1_scores": [
      0.64,
      0.6363636363636365,
      0.7,
      0.6666666666666665,
      0.5333333333333333,
      0.6666666666666666,
      0.6666666666666666,
      0.6666666666666666,
      0.6666666666666666,
      0.6666666666666666,
      0.6896551724137931,
      0.64,
      0.5333333333333333,
      0.4615384615384615
    ],
    "precision_scores": [
      0.5333333333333333,
      0.5833333333333334,
      0.7,
      0.75,
      0.8,
      0.5,
      0.5,
      0.5,
      0.5,
      0.5,
      0.5263157894736842,
      0.5333333333333333,
      0.8,
      1.0
    ],
    "recall_scores": [
      0.8,
      0.7,
      0.7,
      0.6,
      0.4,
      1.0,
      1.0,
      1.0,
      1.0,
      1.0,
      1.0,
      0.8,
      0.4,
      0.3
    ],
    "optimal_idx": 2,
    "optimal_value": 3.183624110505826,
    "optimal_name": "p50=3.18",
    "optimal_f1": 0.7
  },
  "scaling_sweep": {
    "parameter_name": "scaling_factor",
    "values": [
      1.0,
      1.4142135623730951,
      1.5,
      1.618033988749895,
      1.7320508075688772,
      1.8,
      2.0,
      2.718281828459045,
      2.23606797749979
    ],
    "value_names": [
      "1.0",
      "sqrt(2)",
      "1.5",
      "phi",
      "sqrt(3)",
      "1.8",
      "2.0",
      "e",
      "sqrt(5)"
    ],
    "f1_scores": [
      0.7,
      0.7,
      0.7,
      0.7,
      0.7,
      0.7,
      0.7,
      0.7,
      0.7
    ],
    "precision_scores": [
      0.7,
      0.7,
      0.7,
      0.7,
      0.7,
      0.7,
      0.7,
      0.7,
      0.7
    ],
    "recall_scores": [
      0.7,
      0.7,
      0.7,
      0.7,
      0.7,
      0.7,
      0.7,
      0.7,
      0.7
    ],
    "optimal_idx": 0,
    "optimal_value": 1.0,
    "optimal_name": "1.0",
    "optimal_f1": 0.7
  },
  "exponent_sweep": {
    "parameter_name": "alpha_exponent",
    "values": [
      0.5,
      0.5773502691896258,
      0.7,
      0.8,
      1.0,
      1.4142135623730951,
      1.5,
      1.7320508075688772,
      2.0,
      2.718281828459045
    ],
    "value_names": [
      "0.5",
      "1/sqrt(3)",
      "0.7",
      "0.8",
      "1.0",
      "sqrt(2)",
      "1.5",
      "sqrt(3)",
      "2.0",
      "e"
    ],
    "f1_scores": [
      0.3,
      0.4000000000000001,
      0.4000000000000001,
      0.5,
      0.7,
      0.8000000000000002,
      0.9,
      0.9,
      1.0,
      1.0
    ],
    "precision_scores": [
      0.3,
      0.4,
      0.4,
      0.5,
      0.7,
      0.8,
      0.9,
      0.9,
      1.0,
      1.0
    ],
    "recall_scores": [
      0.3,
      0.4,
      0.4,
      0.5,
      0.7,
      0.8,
      0.9,
      0.9,
      1.0,
      1.0
    ],
    "optimal_idx": 8,
    "optimal_value": 2.0,
    "optimal_name": "2.0",
    "optimal_f1": 1.0
  },
  "dimensional_sweeps": {
    "dim_2": {
      "parameter_name": "alpha_base_dim2",
      "values": [
        1.4142135623730951,
        1.618033988749895,
        1.7320508075688772,
        1.8,
        2.0,
        2.718281828459045,
        2.23606797749979
      ],
      "value_names": [
        "sqrt(2)",
        "phi",
        "sqrt(3)",
        "1.8",
        "2.0",
        "e",
        "sqrt(5)"
      ],
      "f1_scores": [
        0.6,
        0.6,
        0.6,
        0.6,
        0.6,
        0.6,
        0.6
      ],
      "precision_scores": [
        0.6,
        0.6,
        0.6,
        0.6,
        0.6,
        0.6,
        0.6
      ],
      "recall_scores": [
        0.6,
        0.6,
        0.6,
        0.6,
        0.6,
        0.6,
        0.6
      ],
      "optimal_idx": 0,
      "optimal_value": 1.4142135623730951,
      "optimal_name": "sqrt(2)",
      "optimal_f1": 0.6
    },
    "dim_3": {
      "parameter_name": "alpha_base_dim3",
      "values": [
        1.4142135623730951,
        1.618033988749895,
        1.7320508075688772,
        1.8,
        2.0,
        2.718281828459045,
        2.23606797749979
      ],
      "value_names": [
        "sqrt(2)",
        "phi",
        "sqrt(3)",
        "1.8",
        "2.0",
        "e",
        "sqrt(5)"
      ],
      "f1_scores": [
        0.10000000000000002,
        0.10000000000000002,
        0.10000000000000002,
        0.10000000000000002,
        0.10000000000000002,
        0.10000000000000002,
        0.10000000000000002
      ],
      "precision_scores": [
        0.1,
        0.1,
        0.1,
        0.1,
        0.1,
        0.1,
        0.1
      ],
      "recall_scores": [
        0.1,
        0.1,
        0.1,
        0.1,
        0.1,
        0.1,
        0.1
      ],
      "optimal_idx": 0,
      "optimal_value": 1.4142135623730951,
      "optimal_name": "sqrt(2)",
      "optimal_f1": 0.10000000000000002
    },
    "dim_5": {
      "parameter_name": "alpha_base_dim5",
      "values": [
        1.4142135623730951,
        1.618033988749895,
        1.7320508075688772,
        1.8,
        2.0,
        2.718281828459045,
        2.23606797749979
      ],
      "value_names": [
        "sqrt(2)",
        "phi",
        "sqrt(3)",
        "1.8",
        "2.0",
        "e",
        "sqrt(5)"
      ],
      "f1_scores": [
        0.20000000000000004,
        0.20000000000000004,
        0.20000000000000004,
        0.20000000000000004,
        0.20000000000000004,
        0.20000000000000004,
        0.20000000000000004
      ],
      "precision_scores": [
        0.2,
        0.2,
        0.2,
        0.2,
        0.2,
        0.2,
        0.2
      ],
      "recall_scores": [
        0.2,
        0.2,
        0.2,
        0.2,
        0.2,
        0.2,
        0.2
      ],
      "optimal_idx": 0,
      "optimal_value": 1.4142135623730951,
      "optimal_name": "sqrt(2)",
      "optimal_f1": 0.20000000000000004
    },
    "dim_6": {
      "parameter_name": "alpha_base_dim6",
      "values": [
        1.4142135623730951,
        1.618033988749895,
        1.7320508075688772,
        1.8,
        2.0,
        2.718281828459045,
        2.23606797749979
      ],
      "value_names": [
        "sqrt(2)",
        "phi",
        "sqrt(3)",
        "1.8",
        "2.0",
        "e",
        "sqrt(5)"
      ],
      "f1_scores": [
        0,
        0,
        0,
        0,
        0,
        0,
        0
      ],
      "precision_scores": [
        0.0,
        0.0,
        0.0,
        0.0,
        0.0,
        0,
        0.0
      ],
      "recall_scores": [
        0.0,
        0.0,
        0.0,
        0.0,
        0.0,
        0.0,
        0.0
      ],
      "optimal_idx": 0,
      "optimal_value": 1.4142135623730951,
      "optimal_name": "sqrt(2)",
      "optimal_f1": 0
    }
  },
  "sqrt3_found_optimal": false,
  "sqrt3_near_optimal": true
}