{
  "test": "Q34_INVARIANT",
  "timestamp": "2026-01-10T11:48:51.890020Z",
  "models": [
    "GloVe",
    "Word2Vec",
    "BERT",
    "mBERT",
    "MiniLM",
    "MPNet"
  ],
  "invariant_scores": {
    "Normalized Spectrum": 0.967225837371295,
    "Cumulative Variance": 0.994354215549121,
    "Log Ratios": 0.7888620291289944,
    "Spectral Entropy": 0.9488899793361664,
    "Decay Rate": 1.2293009387494842
  },
  "best_invariant": "Decay Rate",
  "best_score": 1.2293009387494842
}