{
  "xor": {
    "error": 0.0,
    "dispersion": 3.2838441724022736,
    "Phi": 1.7331215296182654,
    "R": 0.3637327924182618,
    "is_synergistic": true,
    "passed": true
  },
  "redundant": {
    "error": 0.8027956991044461,
    "dispersion": 0.0,
    "Phi": 7.566467593456725,
    "R": 6144026198.719783,
    "is_redundant": true,
    "passed": true
  },
  "independent": {
    "error": 0.7817216645992372,
    "dispersion": 1.5988951198651682,
    "Phi": 0.3599389602153078,
    "R": 0.4963505276468059,
    "is_independent": true,
    "passed": true
  },
  "correlation": {
    "R_values": [
      0.3623138683754708,
      0.3630666113017766,
      0.36891909142819235,
      0.3651153046812713,
      0.35825801733541,
      0.3625680883940382,
      0.3665635974852322,
      0.3597035667319914,
      0.3625875258024717,
      0.36224319553321105,
      100.0,
      100.0,
      100.0,
      100.0,
      100.0,
      100.0,
      100.0,
      100.0,
      100.0,
      100.0,
      1.7219684256281897,
      1.7219684256281897,
      1.7219684256281897,
      1.7219684256281897,
      1.7219684256281897,
      1.7219684256281897,
      1.7219684256281897,
      1.7219684256281897,
      1.7219684256281897,
      1.7219684256281897
    ],
    "Phi_values": [
      1.766193547556414,
      1.7387859906863827,
      1.7557475105726574,
      1.7691941132175675,
      1.7603787595498428,
      1.7540101577496205,
      1.756316415346796,
      1.7614189605637698,
      1.796694923460164,
      1.766633706249996,
      7.324205733805728,
      7.40544400509444,
      7.555819790652955,
      7.049535269619566,
      7.5511819906271445,
      7.242717261983378,
      7.332118787845943,
      7.195141627720472,
      7.028341030680709,
      7.337036343318848,
      1.7544710040878124,
      1.7544710040878124,
      1.7544710040878124,
      1.7544710040878124,
      1.7544710040878124,
      1.7544710040878124,
      1.7544710040878124,
      1.7544710040878124,
      1.7544710040878124,
      1.7544710040878124
    ],
    "correlation": 0.9991935037574841,
    "p_value": 1.2000843865128129e-40,
    "passed": true
  },
  "complementarity": {
    "high_r_implies_high_phi": 1.0,
    "high_phi_implies_high_r": 0.0,
    "xor_mean_phi": 1.7652839953588337,
    "xor_mean_r": 0.3634688675944034,
    "redundant_mean_phi": 7.471073630544946,
    "phi_threshold": 0.3874383429317538,
    "R_threshold": 1.0,
    "asymmetry_demonstrated": true,
    "implication_1_holds": true,
    "implication_2_fails": true,
    "passed": true
  },
  "summary": {
    "n_passed": 5,
    "n_total": 5,
    "verdict": "H2 CONFIRMED: R and Phi are complementary",
    "h2_status": "CONFIRMED",
    "xor_synergistic": true,
    "redundant_consensus": true,
    "asymmetry_proven": true,
    "xor_phi": 1.7652839953588337,
    "xor_r": 0.3634688675944034,
    "timestamp": "2026-01-11T09:13:42.414295"
  }
}