{
  "n_layers_active": 24,
  "hidden_dim": 2560,
  "results": {
    "k8_v36": {
      "k_cos": 0.9670540218551954,
      "v_cos": 0.9682237952947617,
      "compression": 116.36363636363636
    },
    "k4_v18": {
      "k_cos": 0.9539058431982994,
      "v_cos": 0.9471057479580244,
      "compression": 232.72727272727272
    },
    "k2_v9": {
      "k_cos": 0.9391500179966291,
      "v_cos": 0.9214623048901558,
      "compression": 465.45454545454544
    },
    "k16_v72": {
      "k_cos": 0.9785507296522459,
      "v_cos": 0.9854283506671587,
      "compression": 58.18181818181818
    },
    "k8_v8": {
      "k_cos": 0.9670540218551954,
      "v_cos": 0.9162136167287827,
      "compression": 320.0
    }
  }
}