{
  "k9_lam0.0": {
    "pca": 0.745643638074398,
    "ada": 0.707457110285759
  },
  "k9_lam0.1": {
    "pca": 0.745643638074398,
    "ada": 0.707486649354299
  },
  "k9_lam0.5": {
    "pca": 0.745643638074398,
    "ada": 0.7074762831131617
  },
  "k9_lam1.0": {
    "pca": 0.745643638074398,
    "ada": 0.7075981845458349
  },
  "k3_lam0.0": {
    "pca": 0.6276343514521917,
    "ada": 0.5647132669885954
  },
  "k3_lam0.1": {
    "pca": 0.6276343514521917,
    "ada": 0.5643699740370115
  },
  "k3_lam0.5": {
    "pca": 0.6276343514521917,
    "ada": 0.5644711678226789
  },
  "k3_lam1.0": {
    "pca": 0.6276343514521917,
    "ada": 0.5644151419401169
  }
}