{
  "k": 3,
  "per_token": [
    {
      "token": 5,
      "attn_cos": 0.39641645550727844,
      "phase_disp": 0.3394063778976933
    },
    {
      "token": 6,
      "attn_cos": 0.44471174478530884,
      "phase_disp": 0.24880736176824436
    },
    {
      "token": 7,
      "attn_cos": 0.3390573263168335,
      "phase_disp": 0.24623740043558023
    },
    {
      "token": 8,
      "attn_cos": 0.443912535905838,
      "phase_disp": 0.3137949119720367
    }
  ]
}