{
  "k": 9,
  "per_token": [
    {
      "token": 5,
      "attn_cos": 0.604407548904419,
      "phase_disp": 0.3394063778976933
    },
    {
      "token": 6,
      "attn_cos": 0.5866609811782837,
      "phase_disp": 0.24880736176824436
    },
    {
      "token": 7,
      "attn_cos": 0.5591709613800049,
      "phase_disp": 0.24623740043558023
    },
    {
      "token": 8,
      "attn_cos": 0.6461970210075378,
      "phase_disp": 0.3137949119720367
    }
  ]
}