{
  "k_K": 8,
  "k_V": 36,
  "bn": 64,
  "layers_trained": 24,
  "avg_pca": 0.9649436257102273,
  "avg_ada": 0.9654651988636364,
  "results": [
    [
      2,
      0.826171875,
      0.889404296875
    ],
    [
      3,
      0.970703125,
      0.998291015625
    ],
    [
      4,
      0.985595703125,
      0.99365234375
    ],
    [
      5,
      0.933837890625,
      0.933837890625
    ],
    [
      6,
      0.9990234375,
      1.0
    ],
    [
      7,
      0.996826171875,
      0.988037109375
    ],
    [
      8,
      0.9482421875,
      0.960693359375
    ],
    [
      9,
      0.99560546875,
      0.998779296875
    ],
    [
      10,
      0.9970703125,
      0.99609375
    ],
    [
      11,
      0.9755859375,
      0.942626953125
    ],
    [
      12,
      0.998046875,
      0.99755859375
    ],
    [
      13,
      0.99951171875,
      1.0
    ],
    [
      14,
      0.970947265625,
      0.976806640625
    ],
    [
      15,
      0.9990234375,
      0.993896484375
    ],
    [
      16,
      0.99951171875,
      0.9931640625
    ],
    [
      17,
      0.829345703125,
      0.798828125
    ],
    [
      18,
      0.975341796875,
      0.992919921875
    ],
    [
      19,
      0.9912109375,
      0.991455078125
    ],
    [
      20,
      0.988037109375,
      0.989013671875
    ],
    [
      21,
      0.994140625,
      0.992431640625
    ],
    [
      22,
      0.970947265625,
      0.964599609375
    ],
    [
      23,
      0.884033203125,
      0.84814453125
    ]
  ]
}