{
  "timestamp": "2026-01-30T03:34:29.636115",
  "embedding_source": "gensim:glove-wiki-gigaword-50",
  "embedding_dim": 50,
  "n_concrete": 40,
  "n_abstract": 40,
  "concrete_results": {
    "name": "concrete",
    "n_words": 40,
    "words_used": [
      "dog",
      "cat",
      "horse",
      "elephant",
      "lion",
      "tiger",
      "bird",
      "fish",
      "table",
      "chair",
      "book",
      "phone",
      "car",
      "house",
      "tree",
      "door",
      "window",
      "floor",
      "wall",
      "cup",
      "plate",
      "knife",
      "bottle",
      "key",
      "hand",
      "foot",
      "head",
      "eye",
      "arm",
      "leg",
      "finger",
      "nose",
      "rock",
      "water",
      "fire",
      "sun",
      "moon",
      "mountain",
      "river",
      "ocean"
    ],
    "E_mean": 0.5303945161402226,
    "E_std": 0.10327257096682863,
    "grad_S_mean": 4.2646530395118205,
    "grad_S_std": 0.6186007659830287,
    "sigma_mean": 0.796677653491497,
    "sigma_std": 0.041534805505706145,
    "Df": 14.012264251708984,
    "R_mean": 0.006643282401934625,
    "R_std": 0.006138460152783596,
    "R_median": 0.005389658722715997,
    "R_values": [
      0.00934916053628916,
      0.005210367017153442,
      0.0056086418181759195,
      0.0017050951127078392,
      0.0019556444503668526,
      0.002980068334102661,
      0.0030933209584386263,
      0.0022033627826621867,
      0.008520881826286051,
      0.0031479134917844175,
      0.008811997658009243,
      0.0021882567958921933,
      0.0043377775726850774,
      0.00795665126890493,
      0.005983058984531276,
      0.016052098929872707,
      0.0062420491741334815,
      0.008857319953013308,
      0.009708520038472028,
      0.001605016650298981,
      0.0024178982191812126,
      0.0010868459784063647,
      0.0012262098257868118,
      0.008385250744754323,
      0.03849234878184552,
      0.006682956484555625,
      0.012210011204988038,
      0.010487240365532094,
      0.008396337946259358,
      0.003741838520791742,
      0.007066700515234031,
      0.0051841170123110925,
      0.005568950428278552,
      0.010838041029326395,
      0.009698368673207487,
      0.004746853274302338,
      0.0037159445811791514,
      0.003450430388231899,
      0.002372701152332486,
      0.00444504759710008
    ]
  },
  "abstract_results": {
    "name": "abstract",
    "n_words": 40,
    "words_used": [
      "love",
      "hate",
      "fear",
      "hope",
      "joy",
      "anger",
      "peace",
      "chaos",
      "truth",
      "beauty",
      "justice",
      "freedom",
      "wisdom",
      "courage",
      "faith",
      "meaning",
      "purpose",
      "existence",
      "consciousness",
      "reality",
      "time",
      "space",
      "infinity",
      "eternity",
      "destiny",
      "fate",
      "luck",
      "honor",
      "glory",
      "virtue",
      "evil",
      "good",
      "power",
      "knowledge",
      "democracy",
      "liberty",
      "equality",
      "authority",
      "theory",
      "concept"
    ],
    "E_mean": 0.45974225997924806,
    "E_std": 0.1070642473097967,
    "grad_S_mean": 3.8277855530236264,
    "grad_S_std": 0.39933548562055066,
    "sigma_mean": 0.8133295610547066,
    "sigma_std": 0.05569246005033612,
    "Df": 13.721861839294434,
    "R_mean": 0.010513577191257296,
    "R_std": 0.010387943093927493,
    "R_median": 0.006731690731932303,
    "R_values": [
      0.030458005409254512,
      0.0032482529622710203,
      0.016201778845679343,
      0.028312461179938787,
      0.003853863887983933,
      0.004777447486224145,
      0.007667014033118264,
      0.003703185923167171,
      0.018324611589460506,
      0.006760176450426354,
      0.0028942521470874077,
      0.013863056166402031,
      0.009742070599605704,
      0.0037620472806712177,
      0.01066125833216202,
      0.01948344176567792,
      0.013720390828462653,
      0.010222082009834993,
      0.0051301808745093345,
      0.01582911995362335,
      0.040420319269374616,
      0.0075607788708317945,
      0.0001544710954115191,
      0.0005051051110155284,
      0.004418087520041406,
      0.005616845226904407,
      0.008688460939297659,
      0.005237559996686856,
      0.005767995893093796,
      0.0016481090555413892,
      0.006703205013438252,
      0.04906652465414685,
      0.01351199725855539,
      0.011630576102989301,
      0.005360508515096873,
      0.0036785098843255364,
      0.0015420814885546443,
      0.004780375324263135,
      0.003945253716925075,
      0.011691624988237151
    ]
  },
  "R_concrete_mean": 0.006643282401934625,
  "R_abstract_mean": 0.010513577191257296,
  "R_ratio": 0.6318765041701443,
  "t_statistic": -2.0031362673913695,
  "p_value": 0.04863640698432418,
  "effect_size_cohens_d": -0.45362103836587514,
  "hypothesis_supported": false,
  "verdict": "HYPOTHESIS FALSIFIED",
  "interpretation": "Abstract words have HIGHER R than concrete words (ratio=1.58x, p=0.0486). This contradicts the prediction."
}