{"claim_ceiling":"BOUNDED_SOFTWARE_COMPACT_TOROIDAL_PATH_SUM_REFERENCE_ONLY","controls":{"actual_restored_reuse":true,"borrowed_carrier_required":true,"disable_phase_lock":true,"no_smuggle":true,"omitted":true,"remove_last":true,"result_survives_reverse":true,"scramble_geometry":true,"wrong_order":true,"wrong_program":true},"development_cases":[{"boundary":{"count_mod_crt":1,"phase_residues":[1,1,1,1,1],"program_sha256":"fda3a487c47951850761548a0d557a765561fa4cf3fcf19c737a48c2a11e5448","root_distances":[2.482534153247273e-16,1.2412670766236366e-16,1.1102230246251565e-16,1.1102230246251565e-16,1.5700924586837752e-16],"root_margins":[1.732050807568877,1.1755705045849458,0.867767478235116,0.5634651136828592,0.4786313285751154],"target_residue":1,"valid":true},"carrier_complex_values":1550,"compact_dp_ns_median":42500,"compile_ns":68100,"count_mod_crt":1,"declared_phase_work":15261,"displacement_l2":9.251491518454847,"explicit_path_count":16,"explicit_path_materialization_ns":13500,"explicit_result":1,"gamma_path_work":0.001965795164143896,"max_steps":4,"native_forward_ns":675300,"program_sha256":"fda3a487c47951850761548a0d557a765561fa4cf3fcf19c737a48c2a11e5448","restoration_max_abs":5.79553433516819e-16,"restoration_ns":618900,"steps":4},{"boundary":{"count_mod_crt":7,"phase_residues":[1,2,0,7,7],"program_sha256":"c0ddd94b8d27a095d996a8c8f1f36f6722f1fe767642d5744b8f615aec97b213","root_distances":[2.220446049250313e-16,2.220446049250313e-16,1.1206694759944186e-16,1.1102230246251565e-16,1.2412670766236366e-16],"root_margins":[1.732050807568877,1.175570504584946,0.867767478235116,0.563465113682859,0.47863132857511537],"target_residue":0,"valid":true},"carrier_complex_values":2790,"compact_dp_ns_median":79000,"compile_ns":60600,"count_mod_crt":7,"declared_phase_work":30145,"displacement_l2":26.189829438305647,"explicit_path_count":256,"explicit_path_materialization_ns":38900,"explicit_result":7,"gamma_path_work":0.016918228561950573,"max_steps":8,"native_forward_ns":1142700,"program_sha256":"c0ddd94b8d27a095d996a8c8f1f36f6722f1fe767642d5744b8f615aec97b213","restoration_max_abs":6.280369834735101e-16,"restoration_ns":1079300,"steps":8},{"boundary":{"count_mod_crt":140,"phase_residues":[2,0,0,8,10],"program_sha256":"b04b8f8e02819889670a03619dff7663e864e1c2d8b18f3d9145fed18bf27e9c","root_distances":[6.473657049138937e-16,1.7542276821398212e-17,7.56020384841475e-17,2.2887833992611187e-16,2.0014830212433607e-16],"root_margins":[1.732050807568877,1.1755705045849463,0.8677674782351161,0.5634651136828588,0.4786313285751151],"target_residue":16,"valid":true},"carrier_complex_values":4030,"compact_dp_ns_median":104800,"compile_ns":64200,"count_mod_crt":140,"declared_phase_work":45029,"displacement_l2":38.32868849982264,"explicit_path_count":4096,"explicit_path_materialization_ns":343100,"explicit_result":140,"gamma_path_work":0.18188278664860424,"max_steps":12,"native_forward_ns":1682100,"program_sha256":"b04b8f8e02819889670a03619dff7663e864e1c2d8b18f3d9145fed18bf27e9c","restoration_max_abs":7.108895957933346e-16,"restoration_ns":1605300,"steps":12},{"boundary":{"count_mod_crt":2112,"phase_residues":[0,2,5,0,6],"program_sha256":"806256278a71e3e2199b172bb6a326331b4aa05ee2c71f31141fc69af7c005dd","root_distances":[2.4196295403267946e-17,1.1102230246251565e-16,2.237726045655905e-16,4.3179571229657234e-17,2.482534153247273e-16],"root_margins":[1.7320508075688772,1.1755705045849463,0.8677674782351158,0.5634651136828592,0.4786313285751153],"target_residue":29,"valid":true},"carrier_complex_values":5270,"compact_dp_ns_median":136000,"compile_ns":73800,"count_mod_crt":2112,"declared_phase_work":59913,"displacement_l2":45.84690320772553,"explicit_path_count":65536,"explicit_path_materialization_ns":5700000,"explicit_result":2112,"gamma_path_work":2.187672124580642,"max_steps":16,"native_forward_ns":2177900,"program_sha256":"806256278a71e3e2199b172bb6a326331b4aa05ee2c71f31141fc69af7c005dd","restoration_max_abs":6.804363002006077e-16,"restoration_ns":2179900,"steps":16},{"boundary":{"count_mod_crt":3834,"phase_residues":[0,4,5,6,12],"program_sha256":"29b39a0f73ed62ca4d1be7d1890b72220924ded7d25ada6c528a1e6058ab89e4","root_distances":[4.870705482214051e-17,2.7755575615628914e-16,1.942890293094024e-16,1.5700924586837752e-16,1.5700924586837752e-16],"root_margins":[1.7320508075688772,1.175570504584946,0.8677674782351157,0.5634651136828591,0.47863132857511537],"target_residue":23,"valid":true},"carrier_complex_values":6510,"compact_dp_ns_median":167300,"compile_ns":86900,"count_mod_crt":3834,"declared_phase_work":74797,"displacement_l2":52.69096189517204,"explicit_path_count":1048576,"explicit_path_materialization_ns":96998500,"explicit_result":3834,"gamma_path_work":28.03788922015589,"max_steps":20,"native_forward_ns":2742900,"program_sha256":"29b39a0f73ed62ca4d1be7d1890b72220924ded7d25ada6c528a1e6058ab89e4","restoration_max_abs":6.473657049138937e-16,"restoration_ns":2672300,"steps":20},{"boundary":{"count_mod_crt":1237,"phase_residues":[1,2,5,5,2],"program_sha256":"7f88663e006c7b38d3964c50d649c73031ad4c42da33528340ca63e526d8c8b1","root_distances":[1.5700924586837752e-16,2.220446049250313e-16,2.498001805406602e-16,1.2412670766236366e-16,1.1102230246251565e-16],"root_margins":[1.732050807568877,1.175570504584946,0.8677674782351157,0.5634651136828593,0.47863132857511537],"target_residue":27,"valid":true},"carrier_complex_values":7750,"compact_dp_ns_median":202900,"compile_ns":153100,"count_mod_crt":1237,"declared_phase_work":89681,"displacement_l2":60.1488471794803,"explicit_path_count":16777216,"explicit_path_materialization_ns":null,"explicit_result":null,"gamma_path_work":374.15316510743634,"max_steps":24,"native_forward_ns":3679600,"program_sha256":"7f88663e006c7b38d3964c50d649c73031ad4c42da33528340ca63e526d8c8b1","restoration_max_abs":7.108895957933346e-16,"restoration_ns":3432900,"steps":24},{"boundary":{"count_mod_crt":3923,"phase_residues":[2,3,3,7,10],"program_sha256":"28dc04019cab6258a119b54ce51ec045b62a920efb19505a7c4409190b051848","root_distances":[5.551115123125783e-16,2.482534153247273e-16,1.5700924586837752e-16,1.1102230246251565e-16,1.3877787807814457e-16],"root_margins":[1.7320508075688772,1.175570504584946,0.867767478235116,0.5634651136828591,0.47863132857511514],"target_residue":26,"valid":true},"carrier_complex_values":10230,"compact_dp_ns_median":274300,"compile_ns":104100,"count_mod_crt":3923,"declared_phase_work":119449,"displacement_l2":69.88400309178567,"explicit_path_count":4294967296,"explicit_path_materialization_ns":null,"explicit_result":null,"gamma_path_work":71912.98872322078,"max_steps":32,"native_forward_ns":5316900,"program_sha256":"28dc04019cab6258a119b54ce51ec045b62a920efb19505a7c4409190b051848","restoration_max_abs":7.108895957933346e-16,"restoration_ns":4481400,"steps":32},{"boundary":{"count_mod_crt":12411,"phase_residues":[0,1,0,3,9],"program_sha256":"2f09f8b6762a7b62dfdf32333c022ad93de690b95d7ba06659cf4c8ecba6ed3e","root_distances":[4.006277386124178e-17,1.2412670766236366e-16,6.106612055648156e-17,1.1102230246251565e-16,3.510833468576701e-16],"root_margins":[1.7320508075688772,1.1755705045849458,0.8677674782351161,0.5634651136828593,0.4786313285751151],"target_residue":23,"valid":true},"carrier_complex_values":15190,"compact_dp_ns_median":363900,"compile_ns":145500,"count_mod_crt":12411,"declared_phase_work":178985,"displacement_l2":87.675787479241,"explicit_path_count":281474976710656,"explicit_path_materialization_ns":null,"explicit_result":null,"gamma_path_work":3145235374.0330753,"max_steps":48,"native_forward_ns":7456800,"program_sha256":"2f09f8b6762a7b62dfdf32333c022ad93de690b95d7ba06659cf4c8ecba6ed3e","restoration_max_abs":6.77599954797753e-16,"restoration_ns":6406400,"steps":48},{"boundary":{"count_mod_crt":14902,"phase_residues":[1,2,6,8,4],"program_sha256":"8c90de038b9a6ac3d407f3c0bed8b53435bfefb718aa18c01a9a109b3664c63c",