{
  "9": {
    "avg_pca": 0.690154733757178,
    "avg_ada": 0.7520547062158585
  },
  "6": {
    "avg_pca": 0.6456255962451299,
    "avg_ada": 0.7308684314290682
  },
  "3": {
    "avg_pca": 0.5874528822799524,
    "avg_ada": 0.6939851467808088
  },
  "1": {
    "avg_pca": 0.5269305768112341,
    "avg_ada": 0.6489863296349844
  }
}