{
  "32": 0.7450777490933737,
  "64": 0.7899574091037115,
  "128": 0.8341519882281622,
  "256": 0.868799035747846
}