{
  "K3_V15": 0.8153478900591532,
  "K5_V25": 0.8634169201056162,
  "K8_V36": 0.9041071087121964
}