{
  "K3_V15": 0.7668893188238144,
  "K5_V25": 0.8245373740792274,
  "K8_V36": 0.8683047990004221
}