{
  "timestamp": "2026-01-27T22:41:01.274036",
  "experiment": "Q25_what_determines_sigma_v2",
  "pre_registration": {
    "hypothesis": "Sigma predictable (R^2 > 0.7)",
    "falsification": "Sigma irreducibly empirical (R^2 < 0.5)",
    "data": "22 synthetic datasets across 7 domains"
  },
  "n_datasets": 22,
  "sigma_distribution": {
    "min": 4.150404757850477,
    "max": 100.0,
    "mean": 46.10337865802799,
    "std": 33.04486356023322,
    "range_ratio": 24.094035602395245
  },
  "datasets": [
    {
      "name": "nlp_tight",
      "domain": "nlp",
      "n_samples": 300,
      "n_dimensions": 128,
      "entropy": 4.231794127585176,
      "effective_dim": 43.08907760149405,
      "eigenvalue_ratio": 0.059164169857432024,
      "mean_pairwise_distance": 2.097562733040663,
      "std_pairwise_distance": 0.18039451046505425,
      "skewness": -0.008770362521903432,
      "kurtosis": 0.02184946247185282,
      "mean_norm": 1.5101220671730682,
      "std_norm": 0.08491296299336669,
      "intrinsic_scale": 0.015944772704833434,
      "optimal_sigma": 4.397603609302721,
      "optimal_R_cv": 0.00035942147919758646,
      "optimal_R_mean": 0.9446497344513494
    },
    {
      "name": "nlp_spread",
      "domain": "nlp",
      "n_samples": 300,
      "n_dimensions": 128,
      "entropy": 4.630353624238422,
      "effective_dim": 88.48532314901371,
      "eigenvalue_ratio": 0.022269266542030937,
      "mean_pairwise_distance": 24.505099974824564,
      "std_pairwise_distance": 1.609176623625781,
      "skewness": 0.014759114555768666,
      "kurtosis": 0.028974753365200723,
      "mean_norm": 17.225759960474345,
      "std_norm": 1.1574778430324906,
      "intrinsic_scale": 0.1422324628365828,
      "optimal_sigma": 41.987070844439145,
      "optimal_R_cv": 0.0007374909992739842,
      "optimal_R_mean": 0.9198519881565815
    },
    {
      "name": "nlp_wide",
      "domain": "nlp",
      "n_samples": 300,
      "n_dimensions": 256,
      "entropy": 5.1129795017021795,
      "effective_dim": 137.00131455779243,
      "eigenvalue_ratio": 0.014166744142058414,
      "mean_pairwise_distance": 90.20185172598511,
      "std_pairwise_distance": 4.115329378753061,
      "skewness": 0.00671550618411801,
      "kurtosis": 0.023443281972295615,
      "mean_norm": 63.89995435444916,
      "std_norm": 3.039108634895416,
      "intrinsic_scale": 0.2572080861720663,
      "optimal_sigma": 74.8810385759003,
      "optimal_R_cv": 0.0020326061588473,
      "optimal_R_mean": 0.6962174314626135
    },
    {
      "name": "market_calm",
      "domain": "market",
      "n_samples": 400,
      "n_dimensions": 50,
      "entropy": 3.3165672111090614,
      "effective_dim": 13.056934729162958,
      "eigenvalue_ratio": 0.24227808510079366,
      "mean_pairwise_distance": 5.326844244344336,
      "std_pairwise_distance": 2.529166815251019,
      "skewness": -0.0972642555786531,
      "kurtosis": 5.552302583993443,
      "mean_norm": 3.348447530541358,
      "std_norm": 2.342044093335806,
      "intrinsic_scale": 0.35767820116319593,
      "optimal_sigma": 12.458833642950081,
      "optimal_R_cv": 0.004183706410232668,
      "optimal_R_mean": 0.9491271097853584
    },
    {
      "name": "market_volatile",
      "domain": "market",
      "n_samples": 400,
      "n_dimensions": 100,
      "entropy": 3.0507378481399536,
      "effective_dim": 5.886776840827517,
      "eigenvalue_ratio": 0.39943766844118644,
      "mean_pairwise_distance": 35.367371538583754,
      "std_pairwise_distance": 19.7409897677653,
      "skewness": 0.038102626351000465,
      "kurtosis": 11.346076339350407,
      "mean_norm": 21.922353051505524,
      "std_norm": 18.41410424290133,
      "intrinsic_scale": 1.97409897677653,
      "optimal_sigma": 79.34096665797492,
      "optimal_R_cv": 0.004882972845048575,
      "optimal_R_mean": 0.9434656645083679
    },
    {
      "name": "market_extreme",
      "domain": "market",
      "n_samples": 400,
      "n_dimensions": 100,
      "entropy": 3.0747918751282244,
      "effective_dim": 5.592136345042823,
      "eigenvalue_ratio": 0.4138316229090269,
      "mean_pairwise_distance": 84.95522580634439,
      "std_pairwise_distance": 48.793296544955744,
      "skewness": 0.3497443302306934,
      "kurtosis": 6.741592610999202,
      "mean_norm": 58.89710367242049,
      "std_norm": 44.70046870892376,
      "intrinsic_scale": 4.879329654495574,
      "optimal_sigma": 70.67181273927491,
      "optimal_R_cv": 0.017176379643155743,
      "optimal_R_mean": 0.7114160140313743
    },
    {
      "name": "image_dense",
      "domain": "image",
      "n_samples": 300,
      "n_dimensions": 128,
      "entropy": 3.725607994451685,
      "effective_dim": 25.106899101256648,
      "eigenvalue_ratio": 0.09351880201351964,
      "mean_pairwise_distance": 22.642853103948003,
      "std_pairwise_distance": 3.0495347346451664,
      "skewness": -0.15386092712392155,
      "kurtosis": 12.346175999751958,
      "mean_norm": 16.372359344990254,
      "std_norm": 2.319894806600297,
      "intrinsic_scale": 0.2695433362914395,
      "optimal_sigma": 49.9450511585514,
      "optimal_R_cv": 0.0008672814995292645,
      "optimal_R_mean": 0.94697436159293
    },
    {
      "name": "image_sparse",
      "domain": "image",
      "n_samples": 300,
      "n_dimensions": 256,
      "entropy": 4.119345088388832,
      "effective_dim": 32.27345391021929,
      "eigenvalue_ratio": 0.10268005932989667,
      "mean_pairwise_distance": 40.6509157283807,
      "std_pairwise_distance": 6.523572315698392,
      "skewness": -0.054743289251865716,
      "kurtosis": 46.11158398936575,
      "mean_norm": 28.390895870037372,
      "std_norm": 5.267024364549843,
      "intrinsic_scale": 0.4077232697311495,
      "optimal_sigma": 79.34096665797492,
      "optimal_R_cv": 0.0014414854577980397,
      "optimal_R_mean": 0.9369937041160641
    },
    {
      "name": "graph_dense",
      "domain": "graph",
      "n_samples": 300,
      "n_dimensions": 64,
      "entropy": 3.684231371726133,
      "effective_dim": 27.190270528620395,
      "eigenvalue_ratio": 0.07441416782318327,
      "mean_pairwise_distance": 6.026119534651227,
      "std_pairwise_distance": 0.8244383416112728,
      "skewness": 2.38677487255454,
      "kurtosis": 12.268025098709536,
      "mean_norm": 4.409246285117441,
      "std_norm": 0.5394862290536796,
      "intrinsic_scale": 0.1030547927014091,
      "optimal_sigma": 12.458833642950081,
      "optimal_R_cv": 0.0008333556263575567,
      "optimal_R_mean": 0.941772872779995
    },
    {
      "name": "graph_sparse",
      "domain": "graph",
      "n_samples": 300,
      "n_dimensions": 128,
      "entropy": 4.198442436209645,
      "effective_dim": 39.360875519845926,
      "eigenvalue_ratio": 0.05966907867882949,
      "mean_pairwise_distance": 20.051972918384173,
      "std_pairwise_distance": 2.7436914473425955,
      "skewness": 2.6821000401537716,
      "kurtosis": 18.72117112618752,
      "mean_norm": 14.20597629799738,
      "std_norm": 2.375847583361988,
      "intrinsic_scale": 0.2425103534874353,
      "optimal_sigma": 39.626886387014785,
      "optimal_R_cv": 0.0013288280039652628,
      "optimal_R_mean": 0.939374807385738
    },
    {
      "name": "gaussian_small",
      "domain": "baseline",
      "n_samples": 400,
      "n_dimensions": 64,
      "entropy": 4.078986832475589,
      "effective_dim": 55.19397344191583,
      "eigenvalue_ratio": 0.029720412808938067,
      "mean_pairwise_distance": 5.596012457666237,
      "std_pairwise_distance": 0.5198939910698344,
      "skewness": 0.0004873351715117986,
      "kurtosis": 0.022447933631392303,
      "mean_norm": 3.9738771512520112,
      "std_norm": 0.352039468912351,
      "intrinsic_scale": 0.0649867488837293,
      "optimal_sigma": 11.758495540521581,
      "optimal_R_cv": 0.0004695614882373837,
      "optimal_R_mean": 0.9444033154488549
    },
    {
      "name": "gaussian_large",
      "domain": "baseline",