{
  "config": {
    "N_candidates": [
      3,
      5,
      7,
      10,
      15,
      20,
      30,
      50,
      75,
      100
    ],
    "D_values": [
      10,
      25,
      50,
      100,
      200,
      384,
      768
    ],
    "stability_threshold": 0.1,
    "n_trials": 50
  },
  "real_data": {
    "D": 384,
    "N_min": 20,
    "corpus_size": 25,
    "n_trials": 100,
    "results": [
      {
        "N": 3,
        "R_mean": 2.431190484073013,
        "R_std": 6.285013062382913,
        "R_cv": 2.5851586304315455,
        "is_stable": 