{
  "9": [
    {
      "layer": 0,
      "k": 9,
      "pre_pca_attn_cos": 0.8805163502693176,
      "pre_ada_attn_cos": 0.7412683963775635,
      "post_pca_attn_cos": 0.8805163502693176,
      "post_ada_attn_cos": 0.8940046429634094,
      "pre_attn_loss": 0.013340754434466362,
      "post_attn_loss": 0.004584142006933689,
      "loss_history": [
        0.012094743549823761,
        0.00909394221380353,
        0.0077287906780838965,
        0.007065020501613617,
        0.006692866887897253,
        0.0064588529523462055,
        0.006297230580821633,
        0.0061783199198544025,
        0.00608482826501131,
        0.006008384795859456
      ],
      "train_time": 0.3311009407043457
    },
    {
      "layer": 1,
      "k": 9,
      "pre_pca_attn_cos": 0.933462381362915,
      "pre_ada_attn_cos": 0.7994493842124939,
      "post_pca_attn_cos": 0.933462381362915,
      "post_ada_attn_cos": 0.943661630153656,
      "pre_attn_loss": 0.032742127776145935,
      "post_attn_loss": 0.007647730875760317,
      "loss_history": [
        0.02873930837959051,
        0.018780912179499863,
        0.014732018113136292,
        0.012970565631985665,
        0.012103925924748182,
        0.01158012803643942,
        0.011224843189120292,
        0.010963874217122794,
        0.010755655821412802,
        0.010583440121263266
      ],
      "train_time": 0.33100008964538574
    },
    {
      "layer": 2,
      "k": 9,
      "pre_pca_attn_cos": 0.8217390775680542,
      "pre_ada_attn_cos": 0.6807914972305298,
      "post_pca_attn_cos": 0.8217390775680542,
      "post_ada_attn_cos": 0.865121603012085,
      "pre_attn_loss": 0.04367644339799881,
      "post_attn_loss": 0.017022643238306046,
      "loss_history": [
        0.0362853629514575,
        0.02735087275505066,
        0.023680547438561916,
        0.021748993545770645,
        0.020616585202515126,
        0.019805270060896874,
        0.019173569325357676,
        0.018634665943682193,
        0.018149098102003335,
        0.017700980138033628
      ],
      "train_time": 0.3352067470550537
    },
    {
      "layer": 3,
      "k": 9,
      "pre_pca_attn_cos": 0.7645989656448364,
      "pre_ada_attn_cos": 0.5979993343353271,
      "post_pca_attn_cos": 0.7645989656448364,
      "post_ada_attn_cos": 0.8335313200950623,
      "pre_attn_loss": 0.0488911047577858,
      "post_attn_loss": 0.01884060725569725,
      "loss_history": [
        0.03809038568288088,
        0.029854289814829828,
        0.026624717563390733,
        0.02447855155915022,
        0.023053988069295882,
        0.02198663130402565,
        0.021104364842176437,
        0.02036717180162668,
        0.01972763705998659,
        0.019158158916980028
      ],
      "train_time": 0.335068941116333
    },
    {
      "layer": 4,
      "k": 9,
      "pre_pca_attn_cos": 0.6610637307167053,
      "pre_ada_attn_cos": 0.4755391478538513,
      "post_pca_attn_cos": 0.6610637307167053,
      "post_ada_attn_cos": 0.7305580377578735,
      "pre_attn_loss": 0.051451995968818665,
      "post_attn_loss": 0.025068102404475212,
      "loss_history": [
        0.043998711928725245,
        0.03758490886539221,
        0.03392707481980324,
        0.03163236025720835,
        0.03013221509754658,
        0.02910577245056629,
        0.02832392305135727,
        0.027698569372296332,
        0.027170315757393836,
        0.02669864073395729
      ],
      "train_time": 0.3331334590911865
    },
    {
      "layer": 5,
      "k": 9,
      "pre_pca_attn_cos": 0.4759877324104309,
      "pre_ada_attn_cos": 0.23869377374649048,
      "post_pca_attn_cos": 0.4759877324104309,
      "post_ada_attn_cos": 0.7997642159461975,
      "pre_attn_loss": 0.07992193102836609,
      "post_attn_loss": 0.026189526543021202,
      "loss_history": [
        0.060168110951781276,
        0.04878943003714085,
        0.045165761932730676,
        0.04190209284424782,
        0.03898489475250244,
        0.036048803478479385,
        0.03297069445252419,
        0.02977256793528795,
        0.02657745610922575,
        0.023544033989310265
      ],
      "train_time": 0.33037304878234863
    },
    {
      "layer": 6,
      "k": 9,
      "pre_pca_attn_cos": 0.6139323711395264,
      "pre_ada_attn_cos": 0.4482510983943939,
      "post_pca_attn_cos": 0.6139323711395264,
      "post_ada_attn_cos": 0.783122718334198,
      "pre_attn_loss": 0.02523748390376568,
      "post_attn_loss": 0.011301303282380104,
      "loss_history": [
        0.022196375392377378,
        0.018325148709118368,
        0.016078660171478985,
        0.014693772792816162,
        0.013867964688688516,
        0.013268628157675266,
        0.012785105407238007,
        0.012368947453796863,
        0.011993605736643076,
        0.011648284550756217
      ],
      "train_time": 0.3260025978088379
    },
    {
      "layer": 7,
      "k": 9,
      "pre_pca_attn_cos": 0.5447863340377808,
      "pre_ada_attn_cos": 0.3715570271015167,
      "post_pca_attn_cos": 0.5447863340377808,
      "post_ada_attn_cos": 0.7665141820907593,
      "pre_attn_loss": 0.05873670428991318,
      "post_attn_loss": 0.018357643857598305,
      "loss_history": [
        0.03038559965789318,
        0.01998851029202342,
        0.017812299262732267,
        0.016297246050089597,
        0.015232905559241772,
        0.014464542642235756,
        0.01383534474298358,
        0.013302307669073343,
        0.012835165951400995,
        0.012410490307956934
      ],
      "train_time": 0.32106757164001465
    },
    {
      "layer": 8,
      "k": 9,
      "pre_pca_attn_cos": 0.6580533981323242,
      "pre_ada_attn_cos": 0.5059837102890015,
      "post_pca_attn_cos": 0.6580533981323242,
      "post_ada_attn_cos": 0.7845692038536072,
      "pre_attn_loss": 0.03372117504477501,
      "post_attn_loss": 0.014997633174061775,
      "loss_history": [
        0.03455886151641607,
        0.027739991806447505,
        0.024576851166784763,
        0.022511312924325465,
        0.021092092990875243,
        0.020112902484834196,
        0.019353643525391817,
        0.018722755182534457,
        0.018173910863697528,
        0.017669902089983223
      ],
      "train_time": 0.33102941513061523
    },
    {
      "layer": 9,
      "k": 9,
      "pre_pca_attn_cos": 0.6504642963409424,
      "pre_ada_attn_cos": 0.43024253845214844,
      "post_pca_attn_cos": 0.6504642963409424,
      "post_ada_attn_cos": 0.7784842252731323,
      "pre_attn_loss": 0.02783896215260029,
      "post_attn_loss": 0.01196932140737772,
      "loss_history": [
        0.024101297836750746,
        0.0184520797803998,
        0.016490616835653782,
        0.015189904253929853,
        0.014306380227208138,
        0.013615470472723245,
        0.013028607796877622,
        0.012516046781092883,
        0.012041821796447038,
        0.011602539010345936
      ],
      "train_time": 0.32900524139404297
    },
    {
      "layer": 10,
      "k": 9,
      "pre_pca_attn_cos": 0.7202032804489136,
      "pre_ada_attn_cos": 0.6106100082397461,
      "post_pca_attn_cos": 0.7202032804489136,
      "post_ada_attn_cos": 0.8041895627975464,
      "pre_attn_loss": 0.02987648919224739,
      "post_attn_loss": 0.015465153381228447,
      "loss_history": [
        0.027838846668601036,
        0.0239505460485816,
        0.02215264942497015,
        0.02068561492487788,
        0.019638917967677118,
        0.01876699859276414,
        0.018024114705622197,
        0.017335177026689054,
        0.016672626323997974,
        0.01603706544265151
      ],
      "train_time": 0.3319990634918213
    },
    {
      "layer": 11,
      "k": 9,
      "pre_pca_attn_cos": 0.8828151226043701,
      "pre_ada_attn_cos": 0.3237758278846741,
      "post_pca_attn_cos": 0.8828151226043701,
      "post_ada_attn_cos": 0.8695145845413208,
      "pre_attn_loss": 0.8797732591629028,
      "post_attn_loss": 0.03647226840257645,