{
  "test_1a": {
    "test": "E_falsification",
    "spearman_rho": 0.8203246731235654,
    "p_value": 0.0,
    "n_pairs": 1379,
    "criterion": "rho > 0.5",
    "passed": "True"
  },
  "test_1b": {
    "test": "grad_S_falsification",
    "spearman_rho": 0.8666666666666665,
    "p_value": 0.0011735381801554687,
    "n_buckets": 10,
    "grad_s_values": [
      0.10744347423315048,
      0.1435333490371704,
      0.10447648167610168,
      0.12613549828529358,
      0.10869874060153961,
      0.11297572404146194,
      0.09370988607406616,
      0.10068931430578232,
      0.10401187092065811,
      0.11291280388832092
    ],
    "bootstrap_variances": [
      2.0119063265156e-05,
      7.182912668213248e-05,
      2.515240339562297e-05,
      8.763081132201478e-05,
      2.00467820832273e-05,
      3.8961079553700984e-05,
      1.0771892448246945e-05,
      1.678807348071132e-05,
      1.2807294297090266e-05,
      2.010425851040054e-05
    ],
    "bucket_labels": [
      "[0.0,0.5)",
      "[0.5,1.0)",
      "[1.0,1.5)",
      "[1.5,2.0)",
      "[2.0,2.5)",
      "[2.5,3.0)",
      "[3.0,3.5)",
      "[3.5,4.0)",
      "[4.0,4.5)",
      "[4.5,5.0)"
    ],
    "criterion": "positive rho with p < 0.05",
    "passed": "True"
  },
  "test_1c": {
    "test": "functional_form",
    "correlations": {
      "R0 = E/grad_S (original)": {
        "rho": -0.24360902255639094,
        "p": 0.3006681944004437
      },
      "R1 = E - grad_S": {
        "rho": 0.015037593984962403,
        "p": 0.9498276950483329
      },
      "R2 = E * exp(-grad_S)": {
        "rho": -0.30075187969924805,
        "p": 0.19757966317255538
      },
      "R3 = log(E)/(grad_S+1)": {
        "rho": -0.2601503759398496,
        "p": 0.26798033372196073
      },
      "R4 = E/(grad_S+0.1)": {
        "rho": -0.3203007518796992,
        "p": 0.1685770430646261
      },
      "E alone (baseline)": {
        "rho": -0.29624060150375936,
        "p": 0.2047182974286218
      }
    },
    "ranking": [
      [
        "R4 = E/(grad_S+0.1)",
        {
          "rho": -0.3203007518796992,
          "p": 0.1685770430646261
        }
      ],
      [
        "R2 = E * exp(-grad_S)",
        {
          "rho": -0.30075187969924805,
          "p": 0.19757966317255538
        }
      ],
      [
        "E alone (baseline)",
        {
          "rho": -0.29624060150375936,
          "p": 0.2047182974286218
        }
      ],
      [
        "R3 = log(E)/(grad_S+1)",
        {
          "rho": -0.2601503759398496,
          "p": 0.26798033372196073
        }
      ],
      [
        "R0 = E/grad_S (original)",
        {
          "rho": -0.24360902255639094,
          "p": 0.3006681944004437
        }
      ],
      [
        "R1 = E - grad_S",
        {
          "rho": 0.015037593984962403,
          "p": 0.9498276950483329
        }
      ]
    ],
    "r0_rank": 5,
    "e_alone_beats_r0": true,
    "criterion": "R0 in top 2",
    "passed": false,
    "n_clusters": 20
  },
  "test_1d": {
    "test": "sigma_falsification",
    "sigma_values": [
      0.1778603483005864,
      0.19348446341875747,
      0.20036154423156113,
      0.259391715468072,
      0.21982306942207475
    ],
    "bucket_labels": [
      "[0.0,1.0)",
      "[1.0,2.0)",
      "[2.0,3.0)",
      "[3.0,4.0)",
      "[4.0,5.0)"
    ],
    "cv": 0.1334623584421425,
    "mean": 0.2101842281682104,
    "std": 0.02805168279867076,
    "criterion": "CV > 0.2",
    "passed": "False"
  },
  "test_1e": {
    "test": "Df_falsification",
    "df_values": [
      0.9074799907324531,
      0.7153240655863302,
      0.9623306659901096,
      1.0879745493147648,
      1.0379989535248435
    ],
    "score_stds": [
      0.29820347363887484,
      0.2945562461218138,
      0.30141240992101925,
      0.2937655764543502,
      0.41258283429631665
    ],
    "bucket_labels": [
      "[0.0,1.0)",
      "[1.0,2.0)",
      "[2.0,3.0)",
      "[3.0,4.0)",
      "[4.0,5.0)"
    ],
    "cv": 0.13716204195755374,
    "rho_vs_diversity": 0.0,
    "p_vs_diversity": 1.0,
    "criterion": "CV > 0.1 OR significant correlation",
    "passed": "True"
  },
  "test_2": {
    "test": "modus_tollens",
    "T": 0.2996397880781637,
    "Q_min": 2.331641176470588,
    "total_high_R": 6,
    "violations": 2,
    "violation_rate": 0.3333333333333333,
    "rho_R_vs_score": -0.06074429771908763,
    "p_R_vs_score": 0.6751792766208208,
    "n_train_groups": 50,
    "n_test_groups": 50,
    "criterion": "violation rate < 10%",
    "passed": false
  },
  "test_3": {
    "case_A_near_duplicates": {
      "R_simple": 8.460701549474008,
      "R_full": 3.7880351871081754,
      "E": 0.849923312664032,
      "grad_S": 0.10045541822910309,
      "behavior": "HIGH R (as expected for agreement)",
      "concern": "Cannot distinguish genuine agreement from echo chamber"
    },
    "case_B_random_mixture": {
      "R_simple": 0.7274778181155758,
      "R_full": 0.3827359205934719,
      "E": 0.057841189205646515,
      "grad_S": 0.07950921356678009,
      "behavior": "LOW R",
      "correct": true
    },
    "case_C_cross_domain": {
      "R_simple": 1.0605991110690254,
      "R_full": 0.5313878730010023,
      "E": 0.1602228730916977,
      "grad_S": 0.15106827020645142,
      "behavior": "LOW R",
      "correct": true
    },
    "cases_correct": 3,
    "passed": true,
    "criterion": "2/3 cases correct",
    "test": "adversarial"
  },
  "summary": {
    "component_passes": 3,
    "modus_tollens_passed": false,
    "adversarial_passed": true,
    "verdict": "FALSIFIED",
    "elapsed_seconds": 40.01089000701904,
    "seed": 42
  }
}