{
  "suite": "Q41_TIER7_TQFT",
  "version": "1.0.0",
  "timestamp": "2026-01-12T04:44:35.967379+00:00",
  "passed": true,
  "metrics": {
    "cobordism": {
      "per_model": {
        "MiniLM": {
          "n_tests": 10,
          "tests": [
            {
              "trial": 0,
              "n1": 22,
              "n2": 22,
              "n_union": 44,
              "Z1": 13.600919019528032,
              "Z2": 13.61787691853382,
              "Z_boundary": 3.7844944168586854,
              "Z_union": 27.031362009598805,
              "Z_predicted": 48.94065647495827,
              "gluing_ratio": 0.5523293710490961,
              "gluing_error": 0.5936107239686135
            },
            {
              "trial": 1,
              "n1": 22,
              "n2": 22,
              "n_union": 44,
              "Z1": 13.64539629800857,
              "Z2": 13.613050740234678,
              "Z_boundary": 3.763115399709182,
              "Z_union": 27.056146222926863,
              "Z_predicted": 49.362151421068965,
              "gluing_ratio": 0.5481152146728319,
              "gluing_error": 0.6012697683793198
            },
            {
              "trial": 2,
              "n1": 22,
              "n2": 22,
              "n_union": 44,
              "Z1": 13.615518172946048,
              "Z2": 13.622552564526833,
              "Z_boundary": 3.763115399709182,
              "Z_union": 27.026840784986685,
              "Z_predicted": 49.28844648733383,
              "gluing_ratio": 0.5483402848145604,
              "gluing_error": 0.6008592270577705
            }
          ],
          "mean_gluing_error": 0.5977513379219521
        },
        "MPNet": {
          "n_tests": 10,
          "tests": [
            {
              "trial": 0,
              "n1": 22,
              "n2": 22,
              "n_union": 44,
              "Z1": 13.614400293841216,
              "Z2": 13.612968324462718,
              "Z_boundary": 3.772784047623388,
              "Z_union": 27.04192082270253,
              "Z_predicted": 49.12351134260227,
              "gluing_ratio": 0.5504883523909543,
              "gluing_error": 0.596949481279473
            },
            {
              "trial": 1,
              "n1": 22,
              "n2": 22,
              "n_union": 44,
              "Z1": 13.622480437332719,
              "Z2": 13.613080224066294,
              "Z_boundary": 3.772784047623387,
              "Z_union": 27.039399159725217,
              "Z_predicted": 49.15307017400104,
              "gluing_ratio": 0.5501060068872847,
              "gluing_error": 0.5976442795324853
            },
            {
              "trial": 2,
              "n1": 22,
              "n2": 22,
              "n_union": 44,
              "Z1": 13.623910091361333,
              "Z2": 13.613997958372458,
              "Z_boundary": 3.772482485822799,
              "Z_union": 27.032772178716016,
              "Z_predicted": 49.1654725676983,
              "gluing_ratio": 0.5498324488072053,
              "gluing_error": 0.5981416856997183
            }
          ],
          "mean_gluing_error": 0.5971800824196597
        },
        "Paraphrase": {
          "n_tests": 10,
          "tests": [
            {
              "trial": 0,
              "n1": 22,
              "n2": 22,
              "n_union": 44,
              "Z1": 13.605960751839973,
              "Z2": 13.594492397081462,
              "Z_boundary": 3.7727840476233876,
              "Z_union": 27.0074142010565,
              "Z_predicted": 49.02642919951756,
              "gluing_ratio": 0.5508745923773534,
              "gluing_error": 0.5962480957751436
            },
            {
              "trial": 1,
              "n1": 22,
              "n2": 22,
              "n_union": 44,
              "Z1": 13.630445711010504,
              "Z2": 13.603192606411614,
              "Z_boundary": 3.7822708375949174,
              "Z_union": 27.02706504824793,
              "Z_predicted": 49.022818904215995,
              "gluing_ratio": 0.5513160126715694,
              "gluing_error": 0.5954471085125149
            },
            {
              "trial": 2,
              "n1": 22,
              "n2": 22,
              "n_union": 44,
              "Z1": 13.602206333149628,
              "Z2": 13.585918661646199,
              "Z_boundary": 3.7600135557305414,
              "Z_union": 26.997553969224487,
              "Z_predicted": 49.14835176044857,
              "gluing_ratio": 0.5493074132120835,
              "gluing_error": 0.5990970429808032
            }
          ],
          "mean_gluing_error": 0.5969494068279527
        },
        "BERT": {
          "n_tests": 10,
          "tests": [
            {
              "trial": 0,
              "n1": 22,
              "n2": 22,
              "n_union": 44,
              "Z1": 13.552770393874608,
              "Z2": 13.556869745686381,
              "Z_boundary": 3.7631153997091813,
              "Z_union": 26.9530339565639,
              "Z_predicted": 48.824743173475866,
              "gluing_ratio": 0.5520363693618153,
              "gluing_error": 0.5941413483504357
            },
            {
              "trial": 1,
              "n1": 22,
              "n2": 22,
              "n_union": 44,
              "Z1": 13.5776572162419,
              "Z2": 13.563808827165985,
              "Z_boundary": 3.763115399709182,
              "Z_union": 26.966949884632488,
              "Z_predicted": 48.93943640849501,
              "gluing_ratio": 0.5510269807663009,
              "gluing_error": 0.5959715041200754
            },
            {
              "trial": 2,
              "n1": 22,
              "n2": 22,
              "n_union": 44,
              "Z1": 13.560966154718896,
              "Z2": 13.566876693909881,
              "Z_boundary": 3.760013555730542,
              "Z_union": 26.954344030111717,
              "Z_predicted": 48.930662867147724,
              "gluing_ratio": 0.5508681560934647,
              "gluing_error": 0.596259779598609
            }
          ],
          "mean_gluing_error": 0.5941901594563791
        }
      },
      "gluing_errors": [
        0.5977513379219521,
        0.5971800824196597,
        0.5969494068279527,
        0.5941901594563791
      ],
      "overall": {
        "mean_gluing_error": 0.5965177466564858,
        "passes": true
      }
    },
    "s_duality": {
      "per_model": {
        "MiniLM": {
          "coupling_g": 0.022674692798280428,
          "coupling_g_dual": 10.0,
          "observables_g": [
            67.07925962961866,
            67.10788961393881,
            67.1376470091658,
            67.16854562488815
          ],
          "observables_g_dual": [
            2304312965276.5767,
            3.04359672157863e+16,
            4.0200723130079733e+20,
            5.309830258452663e+24
          ],
          "ratio_cv": 0.11749659500197819,
          "log_correlation": 0.9998581250785146,
          "duality_score": 0.9411849324933159
        },
        "MPNet": {
          "coupling_g": 0.016858768720958556,
          "coupling_g_dual": 10.0,
          "observables_g": [
            67.0608663759757,
            67.0824350362495,
            67.1046536599665,
            67.12752839223464
          ],
          "observables_g_dual": [
            1201096959043.2131,
            1.2756442308714484e+16,
            1.3555983438786003e+20,
            1.4406371705988964e+24
          ],
          "ratio_cv": 0.21214231121987626,
          "log_correlation": 0.999915770554664,
          "duality_score": 0.8938911968246955
        },
        "Paraphrase": {
          "coupling_g": 0.04094863828802462,
          "coupling_g_dual": 10.0,
          "observables_g": [
            67.11586088308654,
            67.16000476222011,
            67.20697115902797,
            67.25679777244093
          ],