{
  "suite": "Q41_TIER7_TQFT",
  "version": "1.0.0",
  "timestamp": "2026-01-12T04:39:49.471795+00:00",
  "passed": false,
  "metrics": {
    "cobordism": {
      "per_model": {},
      "gluing_errors": [],
      "overall": {
        "mean_gluing_error": 0.0,
        "passes": false
      }
    },
    "s_duality": {
      "per_model": {
        "MiniLM": {
          "coupling_g": 0.022674692798280428,
          "coupling_g_dual": 10.0,
          "observables_g": [
            67.07925962961866,
            67.10788961393881,
            67.1376470091658,
            67.16854562488815
          ],
          "observables_g_dual": [
            2304312965276.5767,
            3.04359672157863e+16,
            4.0200723130079733e+20,
            5.309830258452663e+24
          ],
          "ratio_cv": 0.11749659500197819,
          "log_correlation": 0.9998581250785146,
          "duality_score": 0.9411849324933159
        },
        "MPNet": {
          "coupling_g": 0.016858768720958556,
          "coupling_g_dual": 10.0,
          "observables_g": [
            67.0608663759757,
            67.0824350362495,
            67.1046536599665,
            67.12752839223464
          ],
          "observables_g_dual": [
            1201096959043.2131,
            1.2756442308714484e+16,
            1.3555983438786003e+20,
            1.4406371705988964e+24
          ],
          "ratio_cv": 0.21214231121987626,
          "log_correlation": 0.999915770554664,
          "duality_score": 0.8938911968246955
        },
        "Paraphrase": {
          "coupling_g": 0.04094863828802462,
          "coupling_g_dual": 10.0,
          "observables_g": [
            67.11586088308654,
            67.16000476222011,
            67.20697115902797,
            67.25679777244093
          ],
          "observables_g_dual": [
            201891731.1637571,
            116370708263.40465,
            67694027200242.84,
            3.946767850723812e+16
          ],
          "ratio_cv": 1.7259708082383813,
          "log_correlation": 0.999653408932956,
          "duality_score": 0.13699085186331586
        },
        "BERT": {
          "coupling_g": 0.001480358081320511,
          "coupling_g_dual": 10.0,
          "observables_g": [
            67.00223678593059,
            67.00298754927175,
            67.00374089844539,
            67.00449683454286
          ],
          "observables_g_dual": [
            12829435.099235885,
            2756282601.417653,
            609807310650.6028,
            136683520185112.14
          ],
          "ratio_cv": 1.721188102448986,
          "log_correlation": 0.99999992839103,
          "duality_score": 0.13940594378414886
        }
      },
      "duality_scores": [
        0.9411849324933159,
        0.8938911968246955,
        0.13699085186331586,
        0.13940594378414886
      ],
      "overall": {
        "mean_duality_score": 0.5278682312413691,
        "passes": true
      }
    },
    "cobordism_pass": false,
    "duality_pass": true
  },
  "thresholds": {
    "gluing_error_max": 2.0,
    "duality_score_min": 0.3
  },
  "controls": {
    "gluing_error": 0.0,
    "duality_score": 0.5278682312413691
  },
  "notes": "Gluing: 0.000, Duality: 0.528"
}