{
  "suite": "Q41_TIER7_TQFT",
  "version": "1.0.0",
  "timestamp": "2026-01-12T05:13:36.192052+00:00",
  "passed": true,
  "metrics": {
    "cobordism": {
      "per_model": {
        "MiniLM": {
          "n_tests": 10,
          "tests": [
            {
              "trial": 0,
              "n1": 22,
              "n2": 22,
              "n_union": 44,
              "Z1": 13.600919019528032,
              "Z2": 13.61787691853382,
              "Z_boundary": 3.773458327783361,
              "Z_union": 27.031362009598805,
              "Z_predicted": 49.08379133888023,
              "gluing_ratio": 0.5507187051406859,
              "gluing_error": 0.5965311171734388
            },
            {
              "trial": 1,
              "n1": 22,
              "n2": 22,
              "n_union": 44,
              "Z1": 13.64539629800857,
              "Z2": 13.613050740234678,
              "Z_boundary": 3.773458327783361,
              "Z_union": 27.056146222926863,
              "Z_predicted": 49.22685134952034,
              "gluing_ratio": 0.5496217101266123,
              "gluing_error": 0.5985250371681927
            },
            {
              "trial": 2,
              "n1": 22,
              "n2": 22,
              "n_union": 44,
              "Z1": 13.615518172946048,
              "Z2": 13.622552564526833,
              "Z_boundary": 3.773458327783361,
              "Z_union": 27.026840784986685,
              "Z_predicted": 49.153348438641196,
              "gluing_ratio": 0.5498473988739481,
              "gluing_error": 0.5981144958466438
            }
          ],
          "mean_gluing_error": 0.5978055492403858
        },
        "MPNet": {
          "n_tests": 10,
          "tests": [
            {
              "trial": 0,
              "n1": 22,
              "n2": 22,
              "n_union": 44,
              "Z1": 13.614400293841216,
              "Z2": 13.612968324462718,
              "Z_boundary": 3.773458327783361,
              "Z_union": 27.04192082270253,
              "Z_predicted": 49.114733450756304,
              "gluing_ratio": 0.5505867368650263,
              "gluing_error": 0.5967707750762469
            },
            {
              "trial": 1,
              "n1": 22,
              "n2": 22,
              "n_union": 44,
              "Z1": 13.622480437332719,
              "Z2": 13.613080224066294,
              "Z_boundary": 3.773458327783361,
              "Z_union": 27.039399159725217,
              "Z_predicted": 49.1442870002805,
              "gluing_ratio": 0.550204323027738,
              "gluing_error": 0.5974655733292589
            },
            {
              "trial": 2,
              "n1": 22,
              "n2": 22,
              "n_union": 44,
              "Z1": 13.623910091361333,
              "Z2": 13.613997958372458,
              "Z_boundary": 3.773458327783361,
              "Z_union": 27.032772178716016,
              "Z_predicted": 49.15275804246049,
              "gluing_ratio": 0.549974675994963,
              "gluing_error": 0.5978830454611835
            }
          ],
          "mean_gluing_error": 0.5976714614280633
        },
        "Paraphrase": {
          "n_tests": 10,
          "tests": [
            {
              "trial": 0,
              "n1": 22,
              "n2": 22,
              "n_union": 44,
              "Z1": 13.605960751839973,
              "Z2": 13.594492397081462,
              "Z_boundary": 3.7638563458332497,
              "Z_union": 27.0074142010565,
              "Z_predicted": 49.14271773433721,
              "gluing_ratio": 0.5495710340441917,
              "gluing_error": 0.59861724316705
            },
            {
              "trial": 1,
              "n1": 22,
              "n2": 22,
              "n_union": 44,
              "Z1": 13.630445711010504,
              "Z2": 13.603192606411614,
              "Z_boundary": 3.7638563458332497,
              "Z_union": 27.02706504824793,
              "Z_predicted": 49.262660761051144,
              "gluing_ratio": 0.5486318568801637,
              "gluing_error": 0.6003276327512476
            },
            {
              "trial": 2,
              "n1": 22,
              "n2": 22,
              "n_union": 44,
              "Z1": 13.602206333149628,
              "Z2": 13.585918661646199,
              "Z_boundary": 3.7638563458332497,
              "Z_union": 26.997553969224487,
              "Z_predicted": 49.09817269346092,
              "gluing_ratio": 0.5498688136058705,
              "gluing_error": 0.5980755499228099
            }
          ],
          "mean_gluing_error": 0.5991438100475136
        },
        "BERT": {
          "n_tests": 10,
          "tests": [
            {
              "trial": 0,
              "n1": 22,
              "n2": 22,
              "n_union": 44,
              "Z1": 13.552770393874608,
              "Z2": 13.556869745686381,
              "Z_boundary": 3.763115399709182,
              "Z_union": 26.9530339565639,
              "Z_predicted": 48.82474317347586,
              "gluing_ratio": 0.5520363693618154,
              "gluing_error": 0.5941413483504355
            },
            {
              "trial": 1,
              "n1": 22,
              "n2": 22,
              "n_union": 44,
              "Z1": 13.5776572162419,
              "Z2": 13.563808827165985,
              "Z_boundary": 3.763115399709182,
              "Z_union": 26.966949884632488,
              "Z_predicted": 48.93943640849501,
              "gluing_ratio": 0.5510269807663009,
              "gluing_error": 0.5959715041200754
            },
            {
              "trial": 2,
              "n1": 22,
              "n2": 22,
              "n_union": 44,
              "Z1": 13.560966154718896,
              "Z2": 13.566876693909881,
              "Z_boundary": 3.763115399709182,
              "Z_union": 26.954344030111717,
              "Z_predicted": 48.89033051858433,
              "gluing_ratio": 0.5513225978255685,
              "gluing_error": 0.59543516415661
            }
          ],
          "mean_gluing_error": 0.5948535252039567
        }
      },
      "gluing_errors": [
        0.5978055492403858,
        0.5976714614280633,
        0.5991438100475136,
        0.5948535252039567
      ],
      "overall": {
        "mean_gluing_error": 0.5973685864799799,
        "passes": true
      }
    },
    "s_duality": {
      "per_model": {
        "MiniLM": {
          "coupling_g": 2.582763719403976,
          "coupling_g_dual": 0.3871821461975507,
          "observables_g": [
            1723.095932430988,
            18467.95087122386,
            210825.39525544737,
            2435441.9722314766
          ],
          "observables_g_dual": [
            70.05130469302732,
            72.17325419173466,
            75.14761619239628,
            79.268987486622
          ],
          "ratio_cv": 1.5267290286438995,
          "log_correlation": 0.9927239626514056,
          "duality_score": 0.23577460136215211
        },
        "MPNet": {
          "coupling_g": 2.52721722703161,
          "coupling_g_dual": 0.3956921428454208,
          "observables_g": [
            1410.5173848262327,
            12924.267231316846,
            128396.09593570385,
            1307408.87391288
          ],
          "observables_g_dual": [
            70.35263399067316,
            72.72285450496464,
            76.06945657106175,
            80.73309902366707
          ],
          "ratio_cv": 1.4981319982903896,
          "log_correlation": 0.9930472944873217,
          "duality_score": 0.2500616657492744
        },
        "Paraphrase": {
          "coupling_g": 1.8906109613898865,
          "coupling_g_dual": 0.528929547337887,
          "observables_g": [
            139.0257917222367,
            276.2083916377251,
            676.2388470180306,
            1890.4009125506975
          ],