{
  "hypothesis": "Geodesic angles relate to golden ratio",
  "golden_ratio": 1.618033988749895,
  "golden_angle_rad": 2.399963229728653,
  "golden_angle_deg": 137.50776405003785,
  "aggregate": {
    "position": {
      "name": "aggregate_position",
      "n": 2450,
      "mean_rad": 0.014033282292347161,
      "mean_deg": 0.8040478480671654,
      "std_rad": 0.004838915027728667,
      "std_deg": 0.2772494085112823,
      "golden_angle_rad": 2.399963229728653,
      "golden_angle_deg": 137.50776405003785,
      "mean_dist_from_golden_rad": 2.3859299474363063,
      "mean_dist_from_golden_deg": 136.7037162019707,
      "within_10pct_of_golden": 0.0,
      "best_golden_multiple": 1.1999816148643265,
      "best_multiple_dist": 1.1859483325719795,
      "ratio_to_golden": 0.0058472905411695855,
      "mod_golden_mean": 0.014033282292347161,
      "mod_golden_std": 0.004838915027728667
    },
    "turning": {
      "name": "aggregate_turning",
      "n": 2400,
      "mean_rad": 0.014038480508777693,
      "mean_deg": 0.8043456839296305,
      "std_rad": 0.0048356436421621045,
      "std_deg": 0.2770619719251583,
      "golden_angle_rad": 2.399963229728653,
      "golden_angle_deg": 137.50776405003785,
      "mean_dist_from_golden_rad": 2.385924749219875,
      "mean_dist_from_golden_deg": 136.7034183661082,
      "within_10pct_of_golden": 0.0,
      "best_golden_multiple": 1.1999816148643265,
      "best_multiple_dist": 1.1859431343555487,
      "ratio_to_golden": 0.005849456497866813,
      "mod_golden_mean": 0.014038480508777693,
      "mod_golden_std": 0.0048356436421621045
    },
    "velocity": {
      "name": "aggregate_velocity",
      "n": 2400,
      "mean_rad": 0.013891961699309932,
      "mean_deg": 0.7959507745278463,
      "std_rad": 0.004901720145274345,
      "std_deg": 0.2808478766784727,
      "golden_angle_rad": 2.399963229728653,
      "golden_angle_deg": 137.50776405003785,
      "mean_dist_from_golden_rad": 2.386071268029343,
      "mean_dist_from_golden_deg": 136.71181327551,
      "within_10pct_of_golden": 0.0,
      "best_golden_multiple": 1.1999816148643265,
      "best_multiple_dist": 1.1860896531650167,
      "ratio_to_golden": 0.005788406058571405,
      "mod_golden_mean": 0.013891961699309932,
      "mod_golden_std": 0.004901720145274345
    }
  },
  "by_model": {
    "glove": {
      "position": {
        "name": "glove_position",
        "n": 490,
        "mean_rad": 0.016975480206115258,
        "mean_deg": 0.9726233710182731,
        "std_rad": 0.0013638773765415361,
        "std_deg": 0.07814441744920501,
        "golden_angle_rad": 2.399963229728653,
        "golden_angle_deg": 137.50776405003785,
        "mean_dist_from_golden_rad": 2.382987749522538,
        "mean_dist_from_golden_deg": 136.53514067901958,
        "within_10pct_of_golden": 0.0,
        "best_golden_multiple": 1.1999816148643265,
        "best_multiple_dist": 1.1830061346582115,
        "ratio_to_golden": 0.007073225121050941,
        "mod_golden_mean": 0.016975480206115258,
        "mod_golden_std": 0.0013638773765415361
      },
      "turning": {
        "name": "glove_turning",
        "n": 480,
        "mean_rad": 0.01697918711668931,
        "mean_deg": 0.9728357613491987,
        "std_rad": 0.0013636816246563029,
        "std_deg": 0.07813320169234941,
        "golden_angle_rad": 2.399963229728653,
        "golden_angle_deg": 137.50776405003785,
        "mean_dist_from_golden_rad": 2.3829840426119637,
        "mean_dist_from_golden_deg": 136.53492828868863,
        "within_10pct_of_golden": 0.0,
        "best_golden_multiple": 1.1999816148643265,
        "best_multiple_dist": 1.1830024277476372,
        "ratio_to_golden": 0.007074769690787732,
        "mod_golden_mean": 0.01697918711668931,
        "mod_golden_std": 0.0013636816246563029
      },
      "velocity": {
        "name": "glove_velocity",
        "n": 480,
        "mean_rad": 0.01680200627400889,
        "mean_deg": 0.9626840468530392,
        "std_rad": 0.0018171405080964818,
        "std_deg": 0.10411448189618641,
        "golden_angle_rad": 2.399963229728653,
        "golden_angle_deg": 137.50776405003785,
        "mean_dist_from_golden_rad": 2.383161223454644,
        "mean_dist_from_golden_deg": 136.5450800031848,
        "within_10pct_of_golden": 0.0,
        "best_golden_multiple": 1.1999816148643265,
        "best_multiple_dist": 1.183179608590318,
        "ratio_to_golden": 0.007000943208579314,
        "mod_golden_mean": 0.01680200627400889,
        "mod_golden_std": 0.0018171405080964818
      }
    },
    "word2vec": {
      "position": {
        "name": "word2vec_position",
        "n": 490,
        "mean_rad": 0.0172246049130013,
        "mean_deg": 0.986897165295277,
        "std_rad": 0.001822144528717514,
        "std_deg": 0.10440119115836798,
        "golden_angle_rad": 2.399963229728653,
        "golden_angle_deg": 137.50776405003785,
        "mean_dist_from_golden_rad": 2.382738624815652,
        "mean_dist_from_golden_deg": 136.5208668847426,
        "within_10pct_of_golden": 0.0,
        "best_golden_multiple": 1.1999816148643265,
        "best_multiple_dist": 1.1827570099513252,
        "ratio_to_golden": 0.0071770286726221075,
        "mod_golden_mean": 0.0172246049130013,
        "mod_golden_std": 0.001822144528717514
      },
      "turning": {
        "name": "word2vec_turning",
        "n": 480,
        "mean_rad": 0.01722824550883483,
        "mean_deg": 0.9871057560714512,
        "std_rad": 0.0018222643287606208,
        "std_deg": 0.10440805519522349,
        "golden_angle_rad": 2.399963229728653,
        "golden_angle_deg": 137.50776405003785,
        "mean_dist_from_golden_rad": 2.382734984219818,
        "mean_dist_from_golden_deg": 136.5206582939664,
        "within_10pct_of_golden": 0.0,
        "best_golden_multiple": 1.1999816148643265,
        "best_multiple_dist": 1.1827533693554917,
        "ratio_to_golden": 0.007178545610793674,
        "mod_golden_mean": 0.01722824550883483,
        "mod_golden_std": 0.0018222643287606208
      },
      "velocity": {
        "name": "word2vec_velocity",
        "n": 480,
        "mean_rad": 0.017048493781896466,
        "mean_deg": 0.9768067407576949,
        "std_rad": 0.0021866014439658795,
        "std_deg": 0.12528303421645645,
        "golden_angle_rad": 2.399963229728653,
        "golden_angle_deg": 137.50776405003785,
        "mean_dist_from_golden_rad": 2.382914735946757,
        "mean_dist_from_golden_deg": 136.53095730928015,
        "within_10pct_of_golden": 0.0,
        "best_golden_multiple": 1.1999816148643265,
        "best_multiple_dist": 1.1829331210824303,
        "ratio_to_golden": 0.007103647910399035,
        "mod_golden_mean": 0.017048493781896466,
        "mod_golden_std": 0.0021866014439658795
      }
    },
    "fasttext": {
      "position": {
        "name": "fasttext_position",
        "n": 490,
        "mean_rad": 0.01400594220925724,
        "mean_deg": 0.802481376694576,
        "std_rad": 0.0014192132350885817,
        "std_deg": 0.08131492859968364,
        "golden_angle_rad": 2.399963229728653,
        "golden_angle_deg": 137.50776405003785,
        "mean_dist_from_golden_rad": 2.385957287519396,
        "mean_dist_from_golden_deg": 136.70528267334328,
        "within_10pct_of_golden": 0.0,
        "best_golden_multiple": 1.1999816148643265,
        "best_multiple_dist": 1.1859756726550694,
        "ratio_to_golden": 0.005835898665347799,
        "mod_golden_mean": 0.01400594220925724,
        "mod_golden_std": 0.0014192132350885817
      },
      "turning": {
        "name": "fasttext_turning",
        "n": 480,
        "mean_rad": 0.014010349851407904,
        "mean_deg": 0.802733915987413,
        "std_rad": 0.0014193097920809192,
        "std_deg": 0.08132046090782706,
        "golden_angle_rad": 2.399963229728653,
        "golden_angle_deg": 137.50776405003785,
        "mean_dist_from_golden_rad": 2.385952879877245,