{
  "model.language_model.layers.0.linear_attn.in_proj_qkv": {
    "k": 128,
    "dim": 10240,
    "D_pr": 85.11890755457154
  },
  "model.language_model.layers.1.linear_attn.in_proj_qkv": {
    "k": 128,
    "dim": 10240,
    "D_pr": 122.11690656166492
  },
  "model.language_model.layers.10.linear_attn.in_proj_qkv": {
    "k": 128,
    "dim": 10240,
    "D_pr": 121.6162692237621
  },
  "model.language_model.layers.11.self_attn.k_proj": {
    "k": 128,
    "dim": 1024,
    "D_pr": 124.79294162980283
  },
  "model.language_model.layers.11.self_attn.o_proj": {
    "k": 128,
    "dim": 5120,
    "D_pr": 115.5934491165515
  },
  "model.language_model.layers.11.self_attn.q_proj": {
    "k": 128,
    "dim": 12288,
    "D_pr": 114.48440956971058
  },
  "model.language_model.layers.11.self_attn.v_proj": {
    "k": 128,
    "dim": 1024,
    "D_pr": 126.09611584045682
  },
  "model.language_model.layers.12.linear_attn.in_proj_qkv": {
    "k": 128,
    "dim": 10240,
    "D_pr": 121.94351042893894
  },
  "model.language_model.layers.13.linear_attn.in_proj_qkv": {
    "k": 128,
    "dim": 10240,
    "D_pr": 123.00148356192646
  },
  "model.language_model.layers.14.linear_attn.in_proj_qkv": {
    "k": 128,
    "dim": 10240,
    "D_pr": 122.06820122968202
  },
  "model.language_model.layers.15.self_attn.k_proj": {
    "k": 128,
    "dim": 1024,
    "D_pr": 125.27206783555799
  },
  "model.language_model.layers.15.self_attn.o_proj": {
    "k": 128,
    "dim": 5120,
    "D_pr": 121.51218910113364
  },
  "model.language_model.layers.15.self_attn.q_proj": {
    "k": 128,
    "dim": 12288,
    "D_pr": 113.25131157713703
  },
  "model.language_model.layers.15.self_attn.v_proj": {
    "k": 128,
    "dim": 1024,
    "D_pr": 125.92581972161368
  },
  "model.language_model.layers.16.linear_attn.in_proj_qkv": {
    "k": 128,
    "dim": 10240,
    "D_pr": 123.32685657103563
  },
  "model.language_model.layers.17.linear_attn.in_proj_qkv": {
    "k": 128,
    "dim": 10240,
    "D_pr": 123.80984853927806
  },
  "model.language_model.layers.18.linear_attn.in_proj_qkv": {
    "k": 128,
    "dim": 10240,
    "D_pr": 123.14937640155327
  },
  "model.language_model.layers.19.self_attn.k_proj": {
    "k": 128,
    "dim": 1024,
    "D_pr": 125.12811682064739
  },
  "model.language_model.layers.19.self_attn.o_proj": {
    "k": 128,
    "dim": 5120,
    "D_pr": 121.27670722644856
  },
  "model.language_model.layers.19.self_attn.q_proj": {
    "k": 128,
    "dim": 12288,
    "D_pr": 113.25525743403641
  },
  "model.language_model.layers.19.self_attn.v_proj": {
    "k": 128,
    "dim": 1024,
    "D_pr": 127.1056626037345
  },
  "model.language_model.layers.2.linear_attn.in_proj_qkv": {
    "k": 128,
    "dim": 10240,
    "D_pr": 123.06538249466514
  },
  "model.language_model.layers.20.linear_attn.in_proj_qkv": {
    "k": 128,
    "dim": 10240,
    "D_pr": 120.11974172953563
  },
  "model.language_model.layers.23.self_attn.k_proj": {
    "k": 128,
    "dim": 1024,
    "D_pr": 125.35613462941878
  },
  "model.language_model.layers.23.self_attn.q_proj": {
    "k": 128,
    "dim": 12288,
    "D_pr": 113.16164138568492
  },
  "model.language_model.layers.23.self_attn.v_proj": {
    "k": 128,
    "dim": 1024,
    "D_pr": 127.3913630399792
  },
  "model.language_model.layers.27.self_attn.k_proj": {
    "k": 128,
    "dim": 1024,
    "D_pr": 124.5737566147105
  },
  "model.language_model.layers.27.self_attn.q_proj": {
    "k": 128,
    "dim": 12288,
    "D_pr": 116.81472254046102
  },
  "model.language_model.layers.27.self_attn.v_proj": {
    "k": 128,
    "dim": 1024,
    "D_pr": 126.8753452983916
  },
  "model.language_model.layers.3.self_attn.k_proj": {
    "k": 128,
    "dim": 1024,
    "D_pr": 120.27865821538224
  },
  "model.language_model.layers.3.self_attn.q_proj": {
    "k": 128,
    "dim": 12288,
    "D_pr": 112.3377199987198
  },
  "model.language_model.layers.3.self_attn.v_proj": {
    "k": 128,
    "dim": 1024,
    "D_pr": 126.41188535013646
  },
  "model.language_model.layers.31.self_attn.k_proj": {
    "k": 128,
    "dim": 1024,
    "D_pr": 122.30193670987
  },
  "model.language_model.layers.31.self_attn.q_proj": {
    "k": 128,
    "dim": 12288,
    "D_pr": 116.1717698097833
  },
  "model.language_model.layers.31.self_attn.v_proj": {
    "k": 128,
    "dim": 1024,
    "D_pr": 126.66999190425581
  },
  "model.language_model.layers.7.self_attn.k_proj": {
    "k": 128,
    "dim": 1024,
    "D_pr": 123.46264609008576
  },
  "model.language_model.layers.7.self_attn.q_proj": {
    "k": 128,
    "dim": 12288,
    "D_pr": 112.76560588081108
  },
  "model.language_model.layers.7.self_attn.v_proj": {
    "k": 128,
    "dim": 1024,
    "D_pr": 126.21673612982707
  },
  "model.language_model.layers.21.linear_attn.in_proj_qkv": {
    "k": 128,
    "dim": 10240,
    "D_pr": 120.61055403471627
  },
  "model.language_model.layers.22.linear_attn.in_proj_qkv": {
    "k": 128,
    "dim": 10240,
    "D_pr": 122.82447218078674
  },
  "model.language_model.layers.23.self_attn.o_proj": {
    "k": 128,
    "dim": 5120,
    "D_pr": 123.36461508317193
  },
  "model.language_model.layers.24.linear_attn.in_proj_qkv": {
    "k": 128,
    "dim": 10240,
    "D_pr": 121.3336420243675
  },
  "model.language_model.layers.25.linear_attn.in_proj_qkv": {
    "k": 128,
    "dim": 10240,
    "D_pr": 122.12474446069037
  },
  "model.language_model.layers.26.linear_attn.in_proj_qkv": {
    "k": 128,
    "dim": 10240,
    "D_pr": 123.34879978922011
  },
  "model.language_model.layers.27.self_attn.o_proj": {
    "k": 128,
    "dim": 5120,
    "D_pr": 122.03391334403763
  },
  "model.language_model.layers.28.linear_attn.in_proj_qkv": {
    "k": 128,
    "dim": 10240,
    "D_pr": 122.22576379214576
  },
  "model.language_model.layers.29.linear_attn.in_proj_qkv": {
    "k": 128,
    "dim": 10240,
    "D_pr": 124.26636201278728
  },
  "model.language_model.layers.3.self_attn.o_proj": {
    "k": 128,
    "dim": 5120,
    "D_pr": 94.21207084178866
  },
  "model.language_model.layers.30.linear_attn.in_proj_qkv": {
    "k": 128,
    "dim": 10240,
    "D_pr": 123.87313439371407
  },
  "model.language_model.layers.31.self_attn.o_proj": {
    "k": 128,
    "dim": 5120,
    "D_pr": 123.3024501597183
  },
  "model.language_model.layers.4.linear_attn.in_proj_qkv": {
    "k": 128,
    "dim": 10240,
    "D_pr": 121.45690552658908
  },
  "model.language_model.layers.5.linear_attn.in_proj_qkv": {
    "k": 128,
    "dim": 10240,
    "D_pr": 121.22649142748828
  },
  "model.language_model.layers.6.linear_attn.in_proj_qkv": {
    "k": 128,
    "dim": 10240,
    "D_pr": 121.36912061875992
  },
  "model.language_model.layers.7.self_attn.o_proj": {
    "k": 128,
    "dim": 5120,
    "D_pr": 111.13760068789571
  },
  "model.language_model.layers.8.linear_attn.in_proj_qkv": {
    "k": 128,
    "dim": 10240,
    "D_pr": 120.54154471205014
  },
  "model.language_model.layers.9.linear_attn.in_proj_qkv": {
    "k": 128,
    "dim": 10240,
    "D_pr": 122.08395466727235
  },
  "model.visual.blocks.0.attn.qkv": {
    "k": 128,
    "dim": 3456,
    "D_pr": 95.87407317418385
  },
  "model.visual.blocks.1.attn.qkv": {
    "k": 128,
    "dim": 3456,
    "D_pr": 108.32036417173171
  },
  "model.visual.blocks.10.attn.qkv": {
    "k": 128,
    "dim": 3456,
    "D_pr": 119.62538490853086
  },
  "model.visual.blocks.11.attn.qkv": {
    "k": 128,
    "dim": 3456,
    "D_pr": 119.64723108054507
  },
  "model.visual.blocks.12.attn.qkv": {
    "k": 128,
    "dim": 3456,
    "D_pr": 120.04148820422989
  },
  "model.visual.blocks.13.attn.qkv": {
    "k": 128,
    "dim": 3456,
    "D_pr": 120.35248366161264
  },
  "model.visual.blocks.14.attn.qkv": {
    "k": 128,
    "dim": 3456,
    "D_pr": 120.06363543730384
  },
  "model.visual.blocks.15.attn.qkv": {
    "k": 128,
    "dim": 3456,
    "D_pr": 121.0491279785089
  },
  "model.visual.blocks.16.attn.qkv": {
    "k": 128,
    "dim": 3456,
    "D_pr": 121.91032827867737
  },