{
  "eigenvalue_correlation": 0.9930988098997168,
  "procrustes_residual": 1.2465578935606356,
  "mean_raw_similarity": -0.005306327755481073,
  "mean_aligned_similarity": 0.8376932154206751,
  "improvement": 0.8429995431761562
}