{
  "stress_tests": {
    "flash_crash": {
      "paradigm": 0.8287340643651475,
      "trad": 0.600976729632226,
      "bh": 0.5732706928363832,
      "dd": 0.0827404579652246
    },
    "slow_bleed": {
      "paradigm": -0.17695353254442686,
      "trad": -0.17695353254442686,
      "bh": -0.6861363207634571,
      "dd": 0.1855447552768924
    },
    "whipsaw": {
      "paradigm": 0.08497818613866097,
      "trad": 0.08497818613866097,
      "bh": 0.29011698955740806,
      "dd": 0.10360725144438829
    },
    "2008_style": {
      "paradigm": 0.7259933942003199,
      "trad": 0.45964226983321277,
      "bh": -0.9509004384222622,
      "dd": 0.10143886081763107
    },
    "covid_style": {
      "paradigm": 1.3480140864178967,
      "trad": 1.038695877993869,
      "bh": 1.271380064864934,
      "dd": 0.04960256604718798
    },
    "long_bull": {
      "paradigm": 0.4289777723673638,
      "trad": 0.4289777723673638,
      "bh": 1.937001048893209,
      "dd": 0.05383246232603197
    },
    "double_dip": {
      "paradigm": 1.5012970473446947,
      "trad": 0.885519480700267,
      "bh": -0.7275841445387911,
      "dd": 0.12078532080643734
    }
  },
  "monte_carlo": {
    "paradigm": {
      "mean": 0.3618905367391332,
      "worst": -0.3310165364213145,
      "p_loss": 0.145
    },
    "traditional": {
      "mean": 0.26182091603219926
    },
    "n_runs": 200
  },
  "score": 4,
  "timestamp": "2026-01-21T14:20:49.531797"
}