{
  "models": [
    "all-MiniLM-L6-v2",
    "all-mpnet-base-v2",
    "e5-large-v2",
    "bge-large-en-v1.5",
    "gte-large"
  ],
  "words": [
    "dog",
    "love",
    "up",
    "true",
    "king"
  ],
  "reference_model": "all-MiniLM-L6-v2",
  "matrices": {
    "all-MiniLM-L6-v2": [
      [
        0.9999998807907104,
        0.403592050075531,
        0.2811650037765503,
        0.1767873466014862,
        0.36438438296318054
      ],
      [
        0.403592050075531,
        1.0000003576278687,
        0.3143143355846405,
        0.20865501463413239,
        0.28980040550231934
      ],
      [
        0.2811650037765503,
        0.3143143355846405,
        0.9999998807907104,
        0.1874346137046814,
        0.3041575849056244
      ],
      [
        0.1767873466014862,
        0.20865501463413239,
        0.1874346137046814,
        1.000000238418579,
        0.1918036788702011
      ],
      [
        0.36438438296318054,
        0.28980040550231934,
        0.3041575849056244,
        0.1918036788702011,
        0.9999998807907104
      ]
    ],
    "all-mpnet-base-v2": [
      [
        1.0000001192092896,
        0.3071795105934143,
        0.22428855299949646,
        0.09974747896194458,
        0.3875890076160431
      ],
      [
        0.3071795105934143,
        1.0,
        0.20540016889572144,
        0.1487773060798645,
        0.2615510821342468
      ],
      [
        0.22428855299949646,
        0.20540016889572144,
        0.9999998807907104,
        0.04759182035923004,
        0.23451122641563416
      ],
      [
        0.09974747896194458,
        0.1487773060798645,
        0.04759182035923004,
        1.000000238418579,
        0.112877756357193
      ],
      [
        0.3875890076160431,
        0.2615510821342468,
        0.23451122641563416,
        0.112877756357193,
        1.0
      ]
    ],
    "e5-large-v2": [
      [
        1.0000003576278687,
        0.8646438717842102,
        0.8507183790206909,
        0.8541614413261414,
        0.8408124446868896
      ],
      [
        0.8646438717842102,
        0.9999998807907104,
        0.8654211759567261,
        0.8629533052444458,
        0.8608548045158386
      ],
      [
        0.8507183790206909,
        0.8654211759567261,
        1.0000001192092896,
        0.8706679344177246,
        0.8338217735290527
      ],
      [
        0.8541614413261414,
        0.8629533052444458,
        0.8706679344177246,
        1.0000001192092896,
        0.8362601399421692
      ],
      [
        0.8408124446868896,
        0.8608548045158386,
        0.8338217735290527,
        0.8362601399421692,
        0.9999998211860657
      ]
    ],
    "bge-large-en-v1.5": [
      [
        1.0,
        0.6911563873291016,
        0.6400498747825623,
        0.6598900556564331,
        0.6681798100471497
      ],
      [
        0.6911563873291016,
        1.0000001192092896,
        0.6171380281448364,
        0.6703439950942993,
        0.6576746702194214
      ],
      [
        0.6400498747825623,
        0.6171380281448364,
        1.0,
        0.6216400265693665,
        0.5962029695510864
      ],
      [
        0.6598900556564331,
        0.6703439950942993,
        0.6216400265693665,
        1.0,
        0.6312962770462036
      ],
      [
        0.6681798100471497,
        0.6576746702194214,
        0.5962029695510864,
        0.6312962770462036,
        1.000000238418579
      ]
    ],
    "gte-large": [
      [
        1.0000001192092896,
        0.8017922639846802,
        0.7965799570083618,
        0.7808609008789062,
        0.788631796836853
      ],
      [
        0.8017922639846802,
        1.0,
        0.8072770833969116,
        0.7993867993354797,
        0.8099915981292725
      ],
      [
        0.7965799570083618,
        0.8072770833969116,
        1.0,
        0.8019813299179077,
        0.7859484553337097
      ],
      [
        0.7808609008789062,
        0.7993867993354797,
        0.8019813299179077,
        1.0,
        0.7947317361831665
      ],
      [
        0.788631796836853,
        0.8099915981292725,
        0.7859484553337097,
        0.7947317361831665,
        1.0
      ]
    ]
  },
  "comparisons": {
    "all-MiniLM-L6-v2": {
      "pearson_correlation": 1.0,
      "spearman_correlation": 1.0,
      "frobenius_norm": 0.0
    },
    "all-mpnet-base-v2": {
      "frobenius_norm": 0.3630027174949646,
      "pearson_correlation": 0.9140389433298843,
      "pearson_pvalue": 1.7758113711256956e-08,
      "spearman_correlation": 0.890909090909091,
      "spearman_pvalue": 1.390229196606413e-07,
      "max_difference": 0.13984279334545135,
      "mean_difference": 0.05911920964717865
    },
    "e5-large-v2": {
      "frobenius_norm": 2.62426495552063,
      "pearson_correlation": -0.04949013098684256,
      "pearson_pvalue": 0.8358522544184851,
      "spearman_correlation": -0.01818181818181818,
      "spearman_pvalue": 0.9393540091484399,
      "max_difference": 0.6832333207130432,
      "mean_difference": 0.4654577374458313
    },
    "bge-large-en-v1.5": {
      "frobenius_norm": 1.699612021446228,
      "pearson_correlation": 0.276725494846002,
      "pearson_pvalue": 0.23755923849602495,
      "spearman_correlation": 0.17575757575757575,
      "spearman_pvalue": 0.4585719614801754,
      "max_difference": 0.4831027090549469,
      "mean_difference": 0.29851827025413513
    },
    "gte-large": {
      "frobenius_norm": 2.3685414791107178,
      "pearson_correlation": 0.19820946616437918,
      "pearson_pvalue": 0.4021980421394029,
      "spearman_correlation": 0.22424242424242424,
      "spearman_pvalue": 0.3418834769962298,
      "max_difference": 0.6145467162132263,
      "mean_difference": 0.419607013463974
    }
  },
  "cross_correlation": [
    [
      1.0,
      0.9140389433298843,
      -0.04949013098684256,
      0.276725494846002,
      0.19820946616437918
    ],
    [
      0.9140389433298843,
      1.0,
      -0.2537992764038298,
      0.3733932504502328,
      0.04036722615001126
    ],
    [
      -0.04949013098684256,
      -0.2537992764038298,
      1.0,
      0.30181347381707585,
      0.6645428336834219
    ],
    [
      0.276725494846002,
      0.3733932504502328,
      0.30181347381707585,
      1.0,
      0.07481105737768541
    ],
    [
      0.19820946616437918,
      0.04036722615001126,
      0.6645428336834219,
      0.07481105737768541,
      1.0
    ]
  ],
  "assessment": {
    "strong_convergence": 0,
    "moderate_convergence": 1,
    "weak_convergence": 3,
    "mean_correlation": 0.33487094333835576,
    "min_correlation": -0.04949013098684256,
    "max_correlation": 0.9140389433298843
  }
}