{
  "document": "Q44_QUANTUM_BORN_RULE_VALIDATION",
  "timestamp": "2026-01-19T01:33:17.270989Z",
  "question": "Q44",
  "title": "Does R compute quantum Born rule probability?",
  "summary": {
    "num_test_cases": 100,
    "correlation_r": 0.2646114845862327,
    "correlation_r_normalized": 0.2646114845862327,
    "mean_absolute_error": 0.17123669381710452,
    "confidence_interval_95": [
      -0.1103268291622907,
      0.46281229654426664
    ],
    "p_value": 0.0212,
    "verdict": "NOT_QUANTUM"
  },
  "variant_analysis": {
    "R_simple_correlation": 0.26502482632350427,
    "R_E2_correlation": 0.5357341313365825
  },
  "category_analysis": {
    "HIGH": {
      "r": 0.5232863113665359,
      "r_normalized": 0.5232863113665359,
      "n": 30,
      "R_mean": 3.224782923303805,
      "P_mean": 0.0019977562520229566
    },
    "MEDIUM": {
      "r": 0.2878300732513065,
      "r_normalized": 0.28783007325130644,
      "n": 40,
      "R_mean": 1.5113404802579815,
      "P_mean": 0.0029077342611195474
    },
    "LOW": {
      "r": -0.032173978497172816,
      "r_normalized": -0.032173978497172843,
      "n": 20,
      "R_mean": -0.18274498722303326,
      "P_mean": 0.0021022484391159165
    },
    "EDGE": {
      "r": -0.37956989288090265,
      "r_normalized": -0.37956989288090276,
      "n": 10,
      "R_mean": -2.733082285189615,
      "P_mean": 0.0030762506107069533
    }
  },
  "monotonicity": {
    "spearman_rho": 0.11482748274827481,
    "low_R_mean_P": 0.003457587205344896,
    "high_R_mean_P": 0.004994174112200302,
    "monotonic": true
  },
  "criteria": {
    "quantum_threshold": 0.9,
    "adjustment_threshold": 0.7,
    "significance_threshold": 0.01
  },
  "interpretation": {
    "quantum": "r > 0.9: R IS quantum projection probability",
    "needs_adjustment": "0.7 < r < 0.9: R is quantum, formula needs correction",
    "not_quantum": "r < 0.7: R is quantum-inspired but not quantum-equivalent"
  },
  "results_hash": "b9c8d3a458620a2679a8b6d920298868cffea3e655080744520d4cc6c5976874"
}