{
  "tests": {
    "test0_quantum_control": {
      "quantum_qutip": {
        "S": 2.82842712474619,
        "expected": 2.8284271247461903,
        "deviation": 4.440892098500626e-16,
        "E_ab": 0.7071067811865475,
        "E_ab_prime": -0.7071067811865474,
        "E_a_prime_b": 0.7071067811865475,
        "E_a_prime_b_prime": 0.7071067811865475,
        "passed": "True"
      },
      "classical": {
        "S": 2.0,
        "bound": 2.0,
        "E_ab": 0.5056,
        "E_ab_prime": -0.5,
        "E_a_prime_b": 0.506,
        "E_a_prime_b_prime": 0.4884,
        "passed": "True"
      },
      "analytical": {
        "S": 2.82842712474619,
        "expected": 2.8284271247461903,
        "error": 4.440892098500626e-16,
        "passed": "True"
      },
      "separation": {
        "quantum_S": 2.82842712474619,
        "classical_S": 2.0,
        "separation": 0.8284271247461898,
        "ratio": 1.414213562373095,
        "passed": "True"
      },
      "significance": {
        "mean_S": 2.828427124746191,
        "std_S": 1.3322676295501878e-15,
        "ci_95": 2.611244553918368e-16,
        "lower_bound_3sigma": 2.828427124746187,
        "significant": "True"
      },
      "summary": {
        "n_passed": 5,
        "n_total": 5,
        "all_passed": "True",
        "apparatus_valid": "True",
        "timestamp": "2026-01-11T08:50:45.628562"
      }
    },
    "test1_semantic_chsh": {
      "complementary": {
        "category": "complementary",
        "pairs": [
          {
            "concept_A": "particle",
            "concept_B": "wave",
            "S": 0.04,
            "S_std": 5.551115123125783e-17,
            "is_violation": "False",
            "is_significant": "False",
            "correlations": {
              "E_ab": 0.08,
              "E_ab_prime": 0.0,
              "E_a_prime_b": -0.04,
              "E_a_prime_b_prime": -0.08
            }
          },
          {
            "concept_A": "position",
            "concept_B": "momentum",
            "S": 0.36,
            "S_std": 0.0,
            "is_violation": "False",
            "is_significant": "False",
            "correlations": {
              "E_ab": -0.04,
              "E_ab_prime": 0.16,
              "E_a_prime_b": 0.08,
              "E_a_prime_b_prime": -0.24
            }
          },
          {
            "concept_A": "past",
            "concept_B": "future",
            "S": 0.08,
            "S_std": 0.0,
            "is_violation": "False",
            "is_significant": "False",
            "correlations": {
              "E_ab": 0.08,
              "E_ab_prime": 0.04,
              "E_a_prime_b": -0.04,
              "E_a_prime_b_prime": -0.08
            }
          },
          {
            "concept_A": "cause",
            "concept_B": "effect",
            "S": 0.08000000000000002,
            "S_std": 5.551115123125783e-17,
            "is_violation": "False",
            "is_significant": "False",
            "correlations": {
              "E_ab": 0.04,
              "E_ab_prime": -0.12,
              "E_a_prime_b": -0.04,
              "E_a_prime_b_prime": -0.2
            }
          },
          {
            "concept_A": "subject",
            "concept_B": "object",
            "S": 0.12,
            "S_std": 5.551115123125783e-17,
            "is_violation": "False",
            "is_significant": "False",
            "correlations": {
              "E_ab": 0.0,
              "E_ab_prime": 0.0,
              "E_a_prime_b": 0.0,
              "E_a_prime_b_prime": 0.12
            }
          }
        ],
        "summary": {
          "n_pairs": 5,
          "n_violations": 0,
          "n_significant": 0,
          "mean_S": 0.136,
          "max_S": 0.36,
          "min_S": 0.04
        }
      },
      "antonyms": {
        "category": "antonyms",
        "pairs": [
          {
            "concept_A": "hot",
            "concept_B": "cold",
            "S": 0.32,
            "S_std": 0.0,
            "is_violation": "False",
            "is_significant": "False",
            "correlations": {
              "E_ab": -0.08,
              "E_ab_prime": 0.08,
              "E_a_prime_b": -0.08,
              "E_a_prime_b_prime": -0.08
            }
          },
          {
            "concept_A": "good",
            "concept_B": "evil",
            "S": 0.08,
            "S_std": 5.551115123125783e-17,
            "is_violation": "False",
            "is_significant": "False",
            "correlations": {
              "E_ab": -0.08,
              "E_ab_prime": 0.08,
              "E_a_prime_b": 0.0,
              "E_a_prime_b_prime": 0.08
            }
          },
          {
            "concept_A": "light",
            "concept_B": "dark",
            "S": 0.24,
            "S_std": 2.7755575615628914e-17,
            "is_violation": "False",
            "is_significant": "False",
            "correlations": {
              "E_ab": 0.08,
              "E_ab_prime": 0.08,
              "E_a_prime_b": -0.16,
              "E_a_prime_b_prime": -0.08
            }
          },
          {
            "concept_A": "life",
            "concept_B": "death",
            "S": 0.039999999999999994,
            "S_std": 1.3877787807814457e-17,
            "is_violation": "False",
            "is_significant": "False",
            "correlations": {
              "E_ab": 0.0,
              "E_ab_prime": -0.04,
              "E_a_prime_b": 0.08,
              "E_a_prime_b_prime": -0.08
            }
          },
          {
            "concept_A": "self",
            "concept_B": "other",
            "S": 0.16,
            "S_std": 0.0,
            "is_violation": "False",
            "is_significant": "False",
            "correlations": {
              "E_ab": 0.0,
              "E_ab_prime": -0.04,
              "E_a_prime_b": -0.04,
              "E_a_prime_b_prime": -0.16
            }
          }
        ],
        "summary": {
          "n_pairs": 5,
          "n_violations": 0,
          "n_significant": 0,
          "mean_S": 0.168,
          "max_S": 0.32,
          "min_S": 0.039999999999999994
        }
      },
      "emergent": {
        "category": "emergent",
        "pairs": [
          {
            "concept_A": "supply",
            "concept_B": "demand",
            "S": 0.2,
            "S_std": 0.0,
            "is_violation": "False",
            "is_significant": "False",
            "correlations": {
              "E_ab": -0.16,
              "E_ab_prime": 0.0,
              "E_a_prime_b": 0.12,
              "E_a_prime_b_prime": -0.16
            }
          },
          {
            "concept_A": "crime",
            "concept_B": "punishment",
            "S": 0.08000000000000002,
            "S_std": 5.551115123125783e-17,
            "is_violation": "False",
            "is_significant": "False",
            "correlations": {
              "E_ab": 0.12,
              "E_ab_prime": 0.2,
              "E_a_prime_b": 0.0,
              "E_a_prime_b_prime": 0.0
            }
          },
          {
            "concept_A": "question",
            "concept_B": "answer",
            "S": 0.04000000000000001,
            "S_std": 0.0,
            "is_violation": "False",
            "is_significant": "False",
            "correlations": {
              "E_ab": -0.04,
              "E_ab_prime": -0.08,
              "E_a_prime_b": -0.16,
              "E_a_prime_b_prime": 0.16
            }
          },
          {
            "concept_A": "problem",
            "concept_B": "solution",
            "S": 1.3877787807814457e-17,
            "S_std": 0.0,
            "is_violation": "False",
            "is_significant": "False",
            "correlations": {
              "E_ab": 0.0,
              "E_ab_prime": 0.12,
              "E_a_prime_b": 0.04,
              "E_a_prime_b_prime": 0.08
            }
          },
          {
            "concept_A": "stimulus",
            "concept_B": "response",