{
  "timestamp": "2026-01-19T01:56:13.780274",
  "question": "Q36",
  "title": "Bohm's Implicate/Explicate Order",
  "version": "5.0",
  "verdict": "VALIDATED",
  "summary": {
    "passed": 4,
    "cited": 5,
    "failed": 0,
    "skipped": 0,
    "exploratory": 1,
    "total_tests": 10,
    "supportive": 9
  },
  "results": [
    {
      "test_name": "XOR Validation",
      "test_number": 1,
      "source": "Q6 (IIT Connection)",
      "result": "PASS",
      "metric_value": 1.7727296117486424,
      "threshold": 1.0,
      "details": {
        "xor_phi": 1.7727296117486424,
        "xor_r": 0.36298496215283016,
        "redundant_phi": 7.501671208556135,
        "redundant_r": 6148772912.747353,
        "xor_high_phi_low_r": "True",
        "log_ratio_red_over_xor": 10.228899820472904,
        "asymmetry_confirmed": "True",
        "n_trials": 10,
        "note": "THEORETICAL demonstration - synthetic XOR systems per Q6 methodology"
      },
      "evidence": "XOR: Phi=1.773, R=0.363 | Red: Phi=7.502, R=6148772912.7 | Log ratio=10.2"
    },
    {
      "test_name": "Angular Momentum Conservation",
      "test_number": 2,
      "source": "Q38 (Noether Conservation)",
      "result": "PASS",
      "metric_value": 6.146469024437558e-07,
      "threshold": 1e-05,
      "details": {
        "architectures": {
          "GloVe": {
            "dim": 300,
            "pairs_tested": 10,
            "mean_cv": 5.168212843117331e-07,
            "mean_perturbed_cv": 0.044468832654994156,
            "separation": 86042.9589856612,
            "pass": "True"
          },
          "Word2Vec": {
            "dim": 300,
            "pairs_tested": 10,
            "mean_cv": 4.899271636063078e-07,
            "mean_perturbed_cv": 0.0476189581416901,
            "separation": 97195.99479640082,
            "pass": "True"
          },
          "FastText": {
            "dim": 300,
            "pairs_tested": 10,
            "mean_cv": 5.58854488584931e-07,
            "mean_perturbed_cv": 0.046888568031800915,
            "separation": 83901.2102535415,
            "pass": "True"
          },
          "BERT": {
            "dim": 768,
            "pairs_tested": 10,
            "mean_cv": 9.807767787588175e-07,
            "mean_perturbed_cv": 0.0307643344916546,
            "separation": 31367.315302081122,
            "pass": "True"
          },
          "SentenceT": {
            "dim": 384,
            "pairs_tested": 10,
            "mean_cv": 5.268547969569898e-07,
            "mean_perturbed_cv": 0.038662776038702745,
            "separation": 73384.1206127898,
            "pass": "True"
          }
        },
        "mean_cv": 6.146469024437558e-07,
        "mean_separation": 74378.3199900949,
        "models_tested": 5,
        "all_pass": true,
        "data_source": "REAL embeddings"
      },
      "evidence": "REAL embeddings: 5 models, Mean CV=6.15e-07, Separation=74378x"
    },
    {
      "test_name": "Holographic Correlation",
      "test_number": 3,
      "source": "Q40 (Quantum Error Correction)",
      "result": "CITED",
      "metric_value": 0.987,
      "threshold": 0.95,
      "details": {
        "r_squared": 0.987,
        "alpha": 0.512,
        "auc": 0.998,
        "cited_from": "Q40_QUANTUM_ERROR_CORRECTION.py",
        "note": "CITED: Run Q40 directly to verify. Not re-computed here."
      },
      "evidence": "[CITED Q40] R^2=0.987, Alpha=0.512"
    },
    {
      "test_name": "Geodesic Unfoldment",
      "test_number": 4,
      "source": "Q38 + Q6 (NEW)",
      "result": "PASS",
      "metric_value": 3.175240726191093e-07,
      "threshold": 0.01,
      "details": {
        "models": {
          "GloVe": {
            "dim": 300,
            "pairs_tested": 10,
            "mean_L_cv": 2.865533742379518e-07,
            "mean_sim_increase": "0.62752",
            "all_L_conserved": true
          },
          "Word2Vec": {
            "dim": 300,
            "pairs_tested": 10,
            "mean_L_cv": 2.398613009459747e-07,
            "mean_sim_increase": "0.6904603",
            "all_L_conserved": true
          },
          "FastText": {
            "dim": 300,
            "pairs_tested": 10,
            "mean_L_cv": 2.7566972579461345e-07,
            "mean_sim_increase": "0.41051102",
            "all_L_conserved": true
          },
          "BERT": {
            "dim": 768,
            "pairs_tested": 10,
            "mean_L_cv": 5.33672101806297e-07,
            "mean_sim_increase": "0.038822602",
            "all_L_conserved": true
          },
          "SentenceT": {
            "dim": 384,
            "pairs_tested": 10,
            "mean_L_cv": 2.518638603107094e-07,
            "mean_sim_increase": "0.5562682",
            "all_L_conserved": true
          }
        },
        "mean_L_cv": 3.175240726191093e-07,
        "mean_similarity_increase": "0.46471646",
        "pct_L_conserved": 1.0,
        "total_pairs": 50,
        "pass_criteria": "L_CV<0.01 AND sim_inc>0 AND 90%+ conserved",
        "data_source": "REAL embeddings from 5 architectures"
      },
      "evidence": "REAL embeddings: L_CV=3.18e-07, 100% conserved, sim_inc=0.465"
    },
    {
      "test_name": "Bell Inequality Validation",
      "test_number": 5,
      "source": "Q42 (Non-Locality & Bell)",
      "result": "CITED",
      "metric_value": 0.36,
      "threshold": 2.0,
      "details": {
        "max_semantic_chsh_s": 0.36,
        "classical_bound": 2.0,
        "tsirelson_bound": 2.83,
        "cited_from": "Q42_BELL_INEQUALITY.py",
        "note": "CITED: CHSH S << 2.0 CONFIRMS R is LOCAL (A1 correct). This is EXPECTED for classical embeddings."
      },
      "evidence": "[CITED Q42] CHSH S=0.36 << 2.0 proves R is CLASSICAL/LOCAL (EXPECTED)"
    },
    {
      "test_name": "Quantum Born Rule",
      "test_number": 6,
      "source": "Q44 (Quantum Born Rule)",
      "result": "CITED",
      "metric_value": 0.977,
      "threshold": 0.95,
      "details": {
        "correlation": 0.977,
        "p_value": 0.001,
        "cited_from": "Q44_QUANTUM_BORN_RULE.py",
        "note": "CITED: E = |<psi|phi>|^2. Run Q44 directly to verify."
      },
      "evidence": "[CITED Q44] r=0.977 (p<0.001)"
    },
    {
      "test_name": "Multi-Architecture Consistency",
      "test_number": 7,
      "source": "Q38 (Cross-Architecture)",
      "result": "PASS",
      "metric_value": 6.176316794953287e-07,
      "threshold": 1e-05,
      "details": {
        "architectures": {
          "GloVe": {
            "cv": 5.386331023367438e-07,
            "dim": 300,
            "pairs": 5,
            "pass": "True"
          },
          "Word2Vec": {
            "cv": 5.124908123756491e-07,
            "dim": 300,
            "pairs": 5,
            "pass": "True"
          },
          "FastText": {
            "cv": 5.396000992744291e-07,
            "dim": 300,
            "pairs": 5,
            "pass": "True"
          },
          "BERT": {
            "cv": 9.710437874484504e-07,
            "dim": 768,
            "pairs": 5,
            "pass": "True"
          },
          "SentenceT": {
            "cv": 5.263905960413712e-07,
            "dim": 384,
            "pairs": 5,
            "pass": "True"
          }
        },
        "mean_cv": 6.176316794953287e-07,
        "models_tested": 5,
        "all_pass": true,
        "data_source": "REAL embeddings"
      },
      "evidence": "REAL: 5 models, Mean CV=6.18e-07, All pass=True"
    },
    {
      "test_name": "Cross-Architecture SLERP Conservation",
      "test_number": 8,
      "source": "Q38 (Noether Conservation)",
      "result": "CITED",
      "metric_value": 5.99e-07,
      "threshold": 1e-05,
      "details": {
        "mean_slerp_cv": 5.99e-07,
        "mean_separation": 69000,
        "cited_from": "Q38 noether.py / test_q38_real_embeddings.py",
        "note": "CITED: Angular momentum |L|=|v| conserved. Run Q38 directly to verify."
      },