{
  "test": "Q49_LOGARITHMIC_SPIRAL",
  "timestamp": "2026-01-15T15:13:06.276500Z",
  "results": {
    "test_ratio": {
      "MiniLM": {
        "trained": 21.779214400968385,
        "random": 14.484758489128197,
        "ratio": 1.5035952734258689,
        "diff_from_1_5": 0.00359527342586885
      },
      "MPNet": {
        "trained": 22.18087955172024,
        "random": 11.436645451214831,
        "ratio": 1.9394567792047908,
        "diff_from_1_5": 0.43945677920479076
      },
      "mean_ratio": 1.7215260263153298
    },
    "test_spiral": {
      "spiral_fit": {
        "alpha": 6.100481073589628,
        "A": 45001.29910569703,
        "r_squared": 0.6894838830935277,
        "spiral_angle_deg": 9.30921886198967
      }
    },
    "test_q33": {
      "N": 75,
      "H": 4.043414738400262,
      "Df_measured": 45.54527251422784,
      "Df_predicted": 15.753037344080342,
      "alpha_measured": 0.4781882553049781,
      "alpha_predicted": 0.4774645847355304
    },
    "test_why_8": {
      "octants_populated": 8,
      "octant_uniformity_p": 0.023350640322425287,
      "var_3pc": 0.14694534242153168,
      "var_8pc": 0.29885202646255493,
      "var_22pc": 0.5776321887969971,
      "ratio_22_8": 2.75,
      "is_22_8e": true
    }
  }
}