{
  "MiniLM-384D": {
    "mean_S": 0.09399999999999996,
    "max_S": 0.09399999999999997,
    "violations": 0,
    "n_tests": 13
  }
}