{
  "bell_inequality": {
    "mean_S": 0.02946666666666668,
    "n_tests": 15
  },
  "phase_coherence": {
    "mean_plv": 0.25156113505363464,
    "p_value": 2.1256531679211698e-123
  },
  "cross_spectral": {
    "semantic_coh": 0.379141628742218,
    "p_value": 2.643245698979969e-19
  }
}