{
  "test": "Q51.1_PHASE_RECOVERY",
  "timestamp": "2026-01-30T04:36:24.463344Z",
  "parameters": {
    "vocab_size": 1000,
    "pca_dims": 50,
    "phase_bins": 32,
    "random_seed": 42
  },
  "success_criteria": {
    "phase_recovery_r05": true,
    "coherence_length_10": false,
    "p_001_significance": false
  },
  "n_criteria_passed": 1,
  "phase_recoverable": true,
  "covariance_stats": {
    "shape": [
      384,
      384
    ],
    "top_eigenvalues": [
      0.023195833515633667,
      0.018291478617156767,
      0.016246687518882974,
      0.015876789157301733,
      0.013626816139828702,
      0.011742360981672782,
      0.011405599407650681,
      0.01035033573330506,
      0.010233187108396697,
      0.009100753285228481,
      0.00880685537999959,
      0.00842393601135744,
      0.00825648422662489,
      0.008045665180197554,
      0.007994714925099004,
      0.007839054831218661,
      0.007750903215914253,
      0.00749615197576566,
      0.007102653118990713,
      0.007020975935368212
    ]
  },
  "off_diagonal_stats": {
    "mean": -4.7810784828739605e-06,
    "std": 0.00014102657717556343,
    "min": -0.0009641301684502528,
    "max": 0.0008176296267322495,
    "median": -1.704794692421902e-06,
    "n_off_diagonal": 73536,
    "band_analysis": {
      "band_1": {
        "mean": 1.8293434771897511e-06,
        "std": 0.0001457005724661735,
        "n": 383
      },
      "band_5": {
        "mean": -9.943656018568128e-07,
        "std": 0.00014733198773966304,
        "n": 379
      },
      "band_10": {
        "mean": 3.8306149170570765e-06,
        "std": 0.00013814390424921158,
        "n": 374
      },
      "band_20": {
        "mean": -1.3028493651850569e-05,
        "std": 0.00012518184728977475,
        "n": 364
      },
      "band_50": {
        "mean": -6.526887204416039e-06,
        "std": 0.00013995084816261614,
        "n": 334
      }
    }
  },
  "phase_recovery": {
    "n_dims_used": 50,
    "magnitudes": [
      0.15230178434816077,
      0.13524599298003903,
      0.12746249455774422,
      0.1260031315376794,
      0.11673395452835779,
      0.10836217505048881,
      0.10679700093003867,
      0.10173659977267306,
      0.1011592166260529,
      0.09539786834740324,
      0.09384484738119397,
      0.09178200265497283,
      0.09086519810480187,
      0.08969763196538443,
      0.0894131697519946,
      0.0885384370271955,
      0.08803921408051217,
      0.08658032094977276,
      0.08427723962607409,
      0.08379126407548827,
      0.08276820880478783,
      0.08150102909937691,
      0.08087482973149099,
      0.08063908790955118,
      0.08028096110399159,
      0.0789911138473167,
      0.07832250616447015,
      0.07813939451215635,
      0.07678326882081216,
      0.07606313455505961,
      0.07524247102199418,
      0.07514442226061759,
      0.07462441414485098,
      0.07378459226044057,
      0.0733287757831583,
      0.07294769282744404,
      0.07277759916511845,
      0.07229987498336002,
      0.07155242575319626,
      0.07074129119620225,
      0.07020924298211313,
      0.06972840476514618,
      0.06950945791734954,
      0.06873069128969563,
      0.06842713403710722,
      0.06801168257389813,
      0.06732159217506775,
      0.06713953269290186,
      0.06639193511643571,
      0.066231800336574
    ],
    "phase_recovery": {
      "mean_phase_diff": 1.5711074440509383,
      "std_phase_diff": 1.5712371252891901,
      "median_phase_diff": 1.571480751438164,
      "min_phase": -1.655468034607993,
      "max_phase": 1.655468034607993,
      "n_valid": 2450
    },
    "phase_histogram": [
      0,
      0,
      0,
      0,
      0,
      0,
      0,
      0,
      0,
      0,
      0,
      0,
      0,
      0,
      2,
      1184,
      1264,
      0,
      0,
      0,
      0,
      0,
      0,
      0,
      0,
      0,
      0,
      0,
      0,
      0,
      0,
      0
    ],
    "phase_uniformity_test": {
      "chi2_statistic": 36727.874285714286,
      "p_value": 0.0,
      "is_uniform": false
    },
    "coherence": {
      "mean_coherence_length": 0.0,
      "max_coherence_length": 0,
      "coherence_lengths": [
        0,
        0,
        0,
        0,
        0,
        0,
        0,
        0,
        0,
        0
      ],
      "threshold_used": 0.5,
      "success_criterion_met": false
    }
  },
  "wordsim353_validation": {
    "n_valid_pairs": 26,
    "n_total_pairs": 90,
    "coverage_percent": 28.888888888888886,
    "pearson_r": 0.5998265294334342,
    "pearson_p": 0.0011997476904694682,
    "spearman_r": 0.46398648285241845,
    "spearman_p": 0.016956202662852096,
    "cosine_similarities": [
      0.5452766418457031,
      1.0000001192092896,
      0.4886617064476013,
      0.5662133097648621,
      0.629400372505188,
      0.43778738379478455,
      0.6106425523757935,
      0.5942600965499878,
      0.6922177076339722,
      0.4006579518318176,
      0.4475456774234772,
      0.5122632384300232,
      0.5989972949028015,
      0.659012496471405,
      0.5879595279693604,
      0.6129521131515503,
      0.4646436274051666,
      0.683746874332428,
      0.43603000044822693,
      0.7213064432144165
    ],
    "human_scores": [
      7.35,
      10.0,
      7.46,
      7.62,
      7.58,
      6.35,
      5.45,
      9.04,
      8.27,
      6.53,
      6.35,
      4.92,
      7.69,
      6.77,
      7.03,
      5.73,
      5.85,
      8.62,
      6.41,
      6.75
    ],
    "statistical_significance": false
  },
  "phase_semantic_correlation": {
    "n_pairs": 26,
    "pearson_r": -0.192120632614685,
    "pearson_p": 0.34709080807021053,
    "spearman_r": -0.28674090901941496,
    "spearman_p": 0.15554474443173383,
    "mean_phase_diff": 0.31534960865974426,
    "std_phase_diff": 0.23787789046764374,
    "phase_diffs": [
      0.2715364992618561,
      0.0,
      0.20460093021392822,
      0.0957949161529541,
      0.30050790309906006,
      0.7615734338760376,
      0.47354984283447266,
      0.5477583408355713,
      0.14326739311218262,
      0.31415271759033203,
      0.018651068210601807,
      0.8101346492767334,
      0.24281322956085205,
      0.25172340869903564,
      0.3690032958984375,
      0.28041791915893555,
      0.3195132613182068,
      0.9812672138214111,
      0.37031757831573486,
      0.14614100754261017
    ],
    "semantic_sims": [
      7.35,
      10.0,
      7.46,
      7.62,
      7.58,
      6.35,
      5.45,
      9.04,
      8.27,
      6.53,
      6.35,
      4.92,
      7.69,
      6.77,
      7.03,
      5.73,
      5.85,
      8.62,
      6.41,
      6.75
    ],
    "negative_correlation": true,
    "statistically_significant": false
  },
  "findings": [
    "Phase distribution shows NON-UNIFORM structure (chi2 p=0.000000)",
    "Mean phase difference: 1.5711 rad (90.0 deg)",
    "Phase coherence length: mean=0.0, max=0",
    "WordSim-353 correlation: r=0.600, p=0.001200",
    "Phase-semantic correlation: r=-0.192, p=0.347091"
  ],
  "interpretation": "phase_recoverable"
}