{
  "timestamp": "2026-01-30T04:34:19.421069Z",
  "test": "Q51_OCTANT_PHASE_SECTORS_MULTI_MODEL",
  "hypothesis": "Octant k corresponds to phase sector [k*pi/4, (k+1)*pi/4)",
  "vocabulary_size": 209,
  "models": {
    "minilm_l6": {
      "model": "all-MiniLM-L6-v2",
      "model_id": "all-MiniLM-L6-v2",
      "n_words": 209,
      "embedding_dim": 384,
      "pca_variance": [
        0.04126361012458801,
        0.03237992897629738,
        0.028431883081793785
      ],
      "phase_angles": {
        "mean": 0.28334885835647583,
        "std": 1.8030359745025635,
        "min": -3.1197903156280518,
        "max": 3.087876319885254
      },
      "periodicity": {
        "chi2_statistic": 13.966507177033492,
        "p_value": 0.051780272347994316,
        "counts": [
          27,
          11,
          23,
          25,
          36,
          29,
          28,
          30
        ],
        "bin_edges": [
          -3.1415927410125732,
          -2.356194496154785,
          -1.5707963705062866,
          -0.7853981852531433,
          0.0,
          0.7853981852531433,
          1.5707963705062866,
          2.356194496154785,
          3.1415927410125732
        ],
        "uniform_reject_p01": false,
        "uniform_reject_p05": false,
        "sector_width_rad": 0.7853981633974483,
        "sector_width_deg": 45.0
      },
      "octant_correlation": {
        "confusion_matrix": [
          [
            0,
            0,
            0,
            0,
            22,
            5,
            0,
            0
          ],
          [
            0,
            0,
            0,
            0,
            0,
            0,
            12,
            13
          ],
          [
            0,
            0,
            10,
            15,
            0,
            0,
            0,
            0
          ],
          [
            21,
            14,
            0,
            0,
            0,
            0,
            0,
            0
          ],
          [
            0,
            0,
            0,
            0,
            5,
            6,
            0,
            0
          ],
          [
            0,
            0,
            0,
            0,
            0,
            0,
            11,
            12
          ],
          [
            0,
            0,
            18,
            15,
            0,
            0,
            0,
            0
          ],
          [
            15,
            15,
            0,
            0,
            0,
            0,
            0,
            0
          ]
        ],
        "diagonal_fraction": 0.07177033492822966,
        "best_shift": 3,
        "best_shift_fraction": 0.2535885167464115,
        "cramers_v": 0.6719517126111233,
        "octant_sector_correlation": 0.2535885167464115
      },
      "angular_momentum": {
        "L_mean": -0.011319046840071678,
        "L_std": 0.434911847114563,
        "L_by_sector_mean": [
          0.08309200406074524,
          0.1731187403202057,
          0.30301910638809204,
          0.5090335011482239,
          -0.7785500884056091,
          -0.359759658575058,
          -0.3312048017978668,
          -0.061482205986976624
        ],
        "L_by_sector_std": [
          0.053230248391628265,
          0.06949815899133682,
          0.09328960627317429,
          0.27246618270874023,
          0.37230974435806274,
          0.17310667037963867,
          0.19264648854732513,
          0.04514429718255997
        ],
        "r_mean": 0.1978074163198471,
        "r_std": 0.10825266689062119
      },
      "assessment": {
        "correlation_passed": false,
        "periodicity_passed": false,
        "peaks_passed": false,
        "overall_pass": false
      }
    },
    "mpnet_base": {
      "model": "all-mpnet-base-v2",
      "model_id": "all-mpnet-base-v2",
      "n_words": 209,
      "embedding_dim": 768,
      "pca_variance": [
        0.039728205651044846,
        0.03453593701124191,
        0.03342410549521446
      ],
      "phase_angles": {
        "mean": 0.3625183403491974,
        "std": 1.8601889610290527,
        "min": -3.1014490127563477,
        "max": 3.1375157833099365
      },
      "periodicity": {
        "chi2_statistic": 65.64114832535884,
        "p_value": 1.1176393144296526e-11,
        "counts": [
          16,
          32,
          21,
          9,
          48,
          13,
          20,
          50
        ],
        "bin_edges": [
          -3.1415927410125732,
          -2.356194496154785,
          -1.5707963705062866,
          -0.7853981852531433,
          0.0,
          0.7853981852531433,
          1.5707963705062866,
          2.356194496154785,
          3.1415927410125732
        ],
        "uniform_reject_p01": true,
        "uniform_reject_p05": true,
        "sector_width_rad": 0.7853981633974483,
        "sector_width_deg": 45.0
      },
      "octant_correlation": {
        "confusion_matrix": [
          [
            0,
            0,
            0,
            0,
            9,
            22,
            0,
            0
          ],
          [
            0,
            0,
            0,
            0,
            0,
            0,
            4,
            4
          ],
          [
            0,
            0,
            8,
            20,
            0,
            0,
            0,
            0
          ],
          [
            25,
            6,
            0,
            0,
            0,
            0,
            0,
            0
          ],
          [
            0,
            0,
            0,
            0,
            7,
            10,
            0,
            0
          ],
          [
            0,
            0,
            0,
            0,
            0,
            0,
            17,
            5
          ],
          [
            0,
            0,
            12,
            30,
            0,
            0,
            0,
            0
          ],
          [
            23,
            7,
            0,
            0,
            0,
            0,
            0,
            0
          ]
        ],
        "diagonal_fraction": 0.07177033492822966,
        "best_shift": 3,
        "best_shift_fraction": 0.3875598086124402,
        "cramers_v": 0.6640571595669823,
        "octant_sector_correlation": 0.3875598086124402
      },
      "angular_momentum": {
        "L_mean": 0.06534621864557266,
        "L_std": 0.40782058238983154,
        "L_by_sector_mean": [
          0.08513259887695312,
          0.1979617327451706,
          0.35041162371635437,
          0.5570725202560425,
          -0.4237710237503052,
          -0.4297066032886505,
          -0.3314049243927002,
          -0.0415462851524353
        ],
        "L_by_sector_std": [
          0.051234349608421326,
          0.0610802136361599,
          0.21425218880176544,
          0.21983760595321655,
          0.12420032918453217,
          0.17547133564949036,
          0.21509264409542084,
          0.027060363441705704
        ],
        "r_mean": 0.2140662521123886,
        "r_std": 0.10107411444187164
      },
      "assessment": {
        "correlation_passed": false,
        "periodicity_passed": true,
        "peaks_passed": false,
        "overall_pass": false
      }
    }
  },
  "cross_model_comparison": {
    "minilm_passed": false,
    "mpnet_passed": false,
    "minilm_correlation": 0.2535885167464115,
    "mpnet_correlation": 0.3875598086124402,
    "correlation_difference": 0.13397129186602874,
    "consensus": "neither_pass"
  }
}