{
  "timestamp": "2026-01-30T04:34:03.916703Z",
  "test": "Q51_COMPLEX_TRAINING",
  "session_id": "e552b7c1-36e6-4a90-aa17-6bc78df9c82b",
  "target_8e": 21.74625462767236,
  "vocab_size": 1000,
  "embed_dim": 384,
  "training": {
    "epochs_completed": 7,
    "final_loss": 0.003979610795281498,
    "initial_loss": 0.0039929603744938615,
    "loss_reduction": 0.0033432786605239735,
    "converged": true,
    "stable": true
  },
  "complex_analysis": {
    "Df": 277.25780071728076,
    "alpha": 0.2830765211086003,
    "Df_alpha": 78.48517367726943,
    "vs_8e_percent": 260.91352290796846,
    "power_law_fit": {
      "alpha": 0.2830765211086003,
      "intercept": -7.092079061388341,
      "amplitude": 0.0008316664812536101,
      "r_squared": 0.8227067943871281,
      "n_eigenvalues": 384
    },
    "eigenvalues": [
      0.00044745837150053603,
      0.00044183812819822814,
      0.00043344098133814394,
      0.0004283702218941338,
      0.0004249667314909522,
      0.0004171818931696336,
      0.00041413998863021323,
      0.00041023075522229056,
      0.000404576758484975,
      0.00040294875442810975,
      0.0004009207794795505,
      0.00039592363284505724,
      0.00039293556505766886,
      0.00038834056139447305,
      0.00038580683012861823,
      0.0003835122704337065,
      0.0003817265041532803,
      0.00037830264959752015,
      0.00037606501819814874,
      0.00037459976358499903,
      0.00037164777140600555,
      0.00036946149983291076,
      0.0003668228274784675,
      0.0003639401230180402,
      0.0003629804601505909,
      0.000359964512802359,
      0.0003596351906618494,
      0.00035578714005988165,
      0.0003519169219482987,
      0.0003504837904681818,
      0.00034854831574345906,
      0.0003472069228644161,
      0.00034587353849540356,
      0.000342920288617636,
      0.0003421735039181418,
      0.00033954827832513725,
      0.00033633921134772454,
      0.0003353621896565374,
      0.0003350038478612683,
      0.0003329951584912101,
      0.00033074179821994984,
      0.0003285912516404125,
      0.00032566886784968663,
      0.00032462298736936384,
      0.00032324298793228205,
      0.0003229273783456718,
      0.0003195245180289584,
      0.00031775811172751766,
      0.0003152895834796949,
      0.0003134378392243952
    ]
  },
  "real_baseline": {
    "available": true,
    "model": "all-MiniLM-L6-v2",
    "dim": 384,
    "Df": 87.24418741427164,
    "alpha": 0.8976611435479256,
    "Df_alpha": 78.31571704220461,
    "eigenvalues": [
      0.039986008712943916,
      0.022447830641114348,
      0.02018512486344527,
      0.017335204691371682,
      0.015714146858535033,
      0.013733134290140777,
      0.013484760162177886,
      0.012959792438866033,
      0.011965047571500135,
      0.011338670999603747,
      0.011100004494729636,
      0.010679958178857366,
      0.010438914005909164,
      0.010120256114347975,
      0.01001076548938138,
      0.009316373413606895,
      0.00910175235538048,
      0.008970993791562614,
      0.008966450238541255,
      0.008507186203336858,
      0.008008899216637637,
      0.007948991296695383,
      0.0077431768127319825,
      0.0076549483201459306,
      0.007523310757718041,
      0.007294503637394106,
      0.0071205442355109705,
      0.007070182911447753,
      0.006915820168985718,
      0.006657225122215878,
      0.006584998692670286,
      0.006448008330432051,
      0.0063425478097497165,
      0.006261413664769858,
      0.0059931319053394124,
      0.005923013295668014,
      0.0058650095797208816,
      0.0055840712312114306,
      0.005523625357917672,
      0.005464953268705652,
      0.005307482051169169,
      0.005200214701536503,
      0.0051724441222929275,
      0.005080010043690518,
      0.004909074975332924,
      0.004882210910958109,
      0.004745637130560602,
      0.00471227931221113,
      0.004514653638532135,
      0.004464431756718555,
      0.004402270186078675,
      0.004335267697511771,
      0.004287211724102357,
      0.004196702439273387,
      0.00411147826740679,
      0.004043881788732103,
      0.003971095237528147,
      0.003940898860477537,
      0.0038881239220141875,
      0.0038341257206947663,
      0.003809421312935633,
      0.003691846072817165,
      0.0035908633201418468,
      0.0035547318697765704,
      0.003489584724858006,
      0.003440208528901644,
      0.003399796535136401,
      0.0033148525637004145,
      0.003270589861469548,
      0.00324517097375894,
      0.003205596406674585,
      0.0031174178757080746,
      0.0030849462291189064,
      0.002979648123090365,
      0.002953640889180701,
      0.002950224383956804,
      0.002866063117462434,
      0.0028324087629747283,
      0.0027974001362567344,
      0.002710889163115426,
      0.0026623966482261043,
      0.002642574223128266,
      0.0026065725896915917,
      0.0025652176422722855,
      0.0025409561313747223,
      0.002526085670497259,
      0.002447193990430623,
      0.002437759396839532,
      0.0024005675873869006,
      0.0023464139716399077,
      0.0023413061025216028,
      0.002309145221935161,
      0.0022980328936162467,
      0.0022672954433263647,
      0.0022158757213373848,
      0.002196246062054859,
      0.0021742038849904785,
      0.0021153697056870936,
      0.0020635386671258404,
      0.0020560732919843554,
      0.002046479689934625,
      0.002014021638947066,
      0.001975125115412051,
      0.0019300494005099727,
      0.001911601660276458,
      0.0018951775089241071,
      0.0018655852322979956,
      0.0018511677541878308,
      0.0018312627349928716,
      0.0018119521674826425,
      0.0017630013128334893,
      0.0017600659860941218,
      0.0017083274359676467,
      0.001680532492517596,
      0.0016569194267702213,
      0.0016253406788406858,
      0.001609830084424293,
      0.0016047143111024163,
      0.0015824644479650982,
      0.0015605712470992226,
      0.001549754177008301,
      0.0015215350272637115,
      0.0014918224394405474,
      0.001477322754486609,
      0.0014464932978531277,
      0.0014368640921739054,
      0.0014289852482371284,
      0.0013709409864397695,
      0.001353566865886137,
      0.0013518918759113905,
      0.0013355023521852874,
      0.001323383677987454,
      0.0013139715774504383,
      0.0013026302854225722,
      0.0012622192356358914,
      0.001243425464694714,
      0.0012389336612347456,
      0.00122488074432854,
      0.0012099977937704242,
      0.0011945926094686172,
      0.0011776011806423636,
      0.0011551750042701865,
      0.0011429641367138,
      0.0011215840054632086,
      0.0011095620205423863,
      0.0011013123241879307,
      0.0010911130488232936,
      0.0010771032317800659,
      0.00106764539025233,
      0.0010612221356600543,
      0.0010317116272737434,
      0.001015287779637681,
      0.00100713657846057,
      0.0009991834723639158,
      0.000982609045713535,
      0.000956501216432547,
      0.0009493207369171184,
      0.0009382708174981992,
      0.0009354235367216704,
      0.0009300224399348174,
      0.0009182001578116719,
      0.0009064291439103892,
      0.0009015290875931403,
      0.0008855506895600532,
      0.0008815743764718735,
      0.000861790165889981,
      0.0008466315500669242,
      0.0008418839555056691,
      0.0008245207457050128,
      0.0008186011826348997,
      0.0008000962838882634,
      0.0007879362449918764,
      0.0007798194225701502,
      0.0007725364991156644,
      0.0007676683517687573,
      0.0007574551786144098,
      0.0007538061560671048,
      0.0007455518914077259,
      0.0007359061565190572,
      0.0007212896694896986,
      0.0007166121522915823,
      0.0007081956218517161,
      0.0006937813481882984,
      0.0006844245009350231,
      0.0006808981050988623,
      0.0006714255374622433,
      0.0006554214456818009,
      0.0006517765068441216,
      0.0006387188084317425,
      0.0006349169510641747,
      0.0006299187978999467,
      0.0006222041054912636,
