{
  "timestamp": "2026-01-10T05:20:52.784147",
  "tests": {
    "bootstrap_ci_arch": {
      "n_pairs": 10,
      "mean": 0.9692999999999999,
      "ci_lower": 0.9593,
      "ci_upper": 0.9788999999999998,
      "ci_width": 0.01959999999999973
    },
    "bootstrap_ci_lingual": {
      "n_pairs": 3,
      "mean": 0.9141333333333334,
      "ci_lower": 0.7795,
      "ci_upper": 0.9964
    },
    "null_hypothesis": {
      "trained_mean": 0.9692999999999999,
      "random_mean": 0.49799999999999994,
      "t_statistic": 19.96561962092646,
      "p_value_ttest": 9.922595738696489e-14,
      "p_value_welch": 2.519731554118558e-09,
      "p_value_mannwhitney": 9.133589555477501e-05,
      "significant_at_001": true
    },
    "effect_size": {
      "cohens_d": 8.92889653705903,
      "interpretation": "large"
    },
    "power_analysis": {
      "effect_size": 8.92889653705903,
      "pairs_needed_80pct": 1,
      "pairs_available": 10,
      "achieved_power": 1.0,
      "adequately_powered": true
    }
  },
  "summary": {
    "cross_architecture": {
      "mean": 0.9692999999999999,
      "ci_95": [
        0.9593,
        0.9788999999999998
      ],
      "p_value": 9.922595738696489e-14,
      "effect_size": 8.92889653705903,
      "power": 1.0
    },
    "cross_lingual": {
      "mean": 0.9141333333333334,
      "ci_95": [
        0.7795,
        0.9964
      ]
    },
    "conclusions": {
      "statistically_significant": true,
      "large_effect": true,
      "adequately_powered": true,
      "null_rejected": true
    }
  }
}