{
  "test": "Q34_CROSS_LINGUAL",
  "timestamp": "2026-01-10T11:24:31.837014Z",
  "models": [
    "English-BERT",
    "Chinese-BERT",
    "mBERT-EN",
    "mBERT-ZH",
    "mST-EN",
    "mST-ZH"
  ],
  "dimensions": {
    "English-BERT": 768,
    "Chinese-BERT": 768,
    "mBERT-EN": 768,
    "mBERT-ZH": 768,
    "mST-EN": 384,
    "mST-ZH": 384
  },
  "participation_ratios": {
    "English-BERT": 10.904682118476618,
    "Chinese-BERT": 2.2625180512397107,
    "mBERT-EN": 6.3860588887351994,
    "mBERT-ZH": 8.670475352593085,
    "mST-EN": 22.67931566804659,
    "mST-ZH": 20.68206074548994
  },
  "bilingual_anchors": 68,
  "mean_overall_correlation": 0.8537928272563208,
  "mean_cross_lingual": 0.9141154804141133,
  "status": "STRONG",
  "correlation_matrix": [
    [
      1.0,
      0.7794573209265754,
      0.946541185751883,
      0.9892712269548412,
      0.931892051561583,
      0.930006973210562
    ],
    [
      0.7794573209265753,
      0.9999999999999999,
      0.9338058541809534,
      0.8186448428125007,
      0.581533668179474,
      0.5639255123500333
    ],
    [
      0.9465411857518828,
      0.9338058541809534,
      1.0,
      0.9665296911482839,
      0.8060993016337793,
      0.793826640402423
    ],
    [
      0.9892712269548412,
      0.8186448428125006,
      0.966529691148284,
      1.0,
      0.8882358829486865,
      0.8807628276157521
    ],
    [
      0.931892051561583,
      0.581533668179474,
      0.8060993016337794,
      0.8882358829486865,
      1.0,
      0.9963594291674807
    ],
    [
      0.9300069732105619,
      0.5639255123500333,
      0.7938266404024229,
      0.8807628276157521,
      0.9963594291674807,
      1.0
    ]
  ]
}