{
  "timestamp": "2026-01-17T19:38:37.356543Z",
  "experiment": "Q10_RIGOROUS_V2",
  "model": "all-MiniLM-L6-v2",
  "sets": {
    "Honesty-Consistent": {
      "n_statements": 25.0,
      "R": 4.378718820327109,
      "E": 0.48610320687294006,
      "sigma": 0.1110149398446083,
      "alpha": 0.624301278771186,
      "c_1": 0.8008953641487832,
      "Df": 14.48245947920237,
      "Df_alpha": 9.041417972617925,
      "alpha_dev": 0.12430127877118602,
      "c1_dev": 0.19910463585121685
    },
    "Honesty-Contradictory": {
      "n_statements": 25.0,
      "R": 3.6270838774228555,
      "E": 0.4388001561164856,
      "sigma": 0.12097877264022827,
      "alpha": 0.6251326654458657,
      "c_1": 0.7998302242666894,
      "Df": 15.258539341541006,
      "Df_alpha": 9.538611369388132,
      "alpha_dev": 0.12513266544586565,
      "c1_dev": 0.20016977573331063
    },
    "Safety-Consistent": {
      "n_statements": 25.0,
      "R": 3.6528585719300275,
      "E": 0.4894338548183441,
      "sigma": 0.13398653268814087,
      "alpha": 0.6538111836482496,
      "c_1": 0.764746783941524,
      "Df": 13.91013087097998,
      "Df_alpha": 9.094599129457478,
      "alpha_dev": 0.15381118364824964,
      "c1_dev": 0.23525321605847604
    },
    "Safety-Contradictory": {
      "n_statements": 25.0,
      "R": 2.4714597114725563,
      "E": 0.3640323281288147,
      "sigma": 0.14729446172714233,
      "alpha": 0.6305891344287075,
      "c_1": 0.7929093171784243,
      "Df": 14.093953646378562,
      "Df_alpha": 8.887494030548183,
      "alpha_dev": 0.13058913442870745,
      "c1_dev": 0.20709068282157572
    },
    "Random": {
      "n_statements": 25.0,
      "R": 1.357741390399945,
      "E": 0.13112202286720276,
      "sigma": 0.09657363593578339,
      "alpha": 0.3725299327579778,
      "c_1": 1.3421740269253368,
      "Df": 19.126622085781545,
      "Df_alpha": 7.125239239503452,
      "alpha_dev": 0.1274700672420222,
      "c1_dev": 0.3421740269253368
    }
  },
  "discrimination": {
    "honesty": {
      "R": false,
      "alpha": false,
      "c_1": false
    },
    "safety": {
      "R": true,
      "alpha": false,
      "c_1": false
    }
  },
  "verdict": "R_ONLY"
}