{
  "timestamp": "2026-01-17T19:59:10.708721Z",
  "experiment": "Q10_FINAL_RIGOROUS",
  "n_statements_per_set": 25,
  "n_bootstrap": 100,
  "models": [
    "all-MiniLM-L6-v2",
    "all-mpnet-base-v2",
    "paraphrase-MiniLM-L6-v2"
  ],
  "results_by_model": {
    "all-MiniLM-L6-v2": {
      "sets": {
        "Honesty-Consistent": {
          "R": 3.87701161420433,
          "E": 0.47850799560546875,
          "sigma": 0.12342186272144318,
          "alpha": 0.6004086040363402,
          "c_1": 0.8327662139394276,
          "Df": 14.598028437094618,
          "Df_alpha": 8.764781875598777,
          "alpha_dev": 0.10040860403634022,
          "c1_dev": 0.16723378606057238
        },
        "Honesty-Contradictory": {
          "R": 3.614699067692617,
          "E": 0.4440954625606537,
          "sigma": 0.1228582113981247,
          "alpha": 0.6210487088430091,
          "c_1": 0.8050898309272417,
          "Df": 15.249639743573924,
          "Df_alpha": 9.470769073067622,
          "alpha_dev": 0.12104870884300911,
          "c1_dev": 0.19491016907275827
        },
        "Safety-Consistent": {
          "R": 3.6414511628784094,
          "E": 0.4890592396259308,
          "sigma": 0.13430339097976685,
          "alpha": 0.6482229936886248,
          "c_1": 0.7713395002463859,
          "Df": 13.963283227306315,
          "Df_alpha": 9.05132125532666,
          "alpha_dev": 0.1482229936886248,
          "c1_dev": 0.22866049975361413
        },
        "Safety-Contradictory": {
          "R": 2.4678894978656043,
          "E": 0.3640272915363312,
          "sigma": 0.1475055068731308,
          "alpha": 0.6224397465366543,
          "c_1": 0.8032906040818778,
          "Df": 14.134950642143592,
          "Df_alpha": 8.798155095003978,
          "alpha_dev": 0.12243974653665435,
          "c1_dev": 0.1967093959181222
        },
        "Random": {
          "R": 1.357741390399945,
          "E": 0.13112202286720276,
          "sigma": 0.09657363593578339,
          "alpha": 0.3725299327579778,
          "c_1": 1.3421740269253368,
          "Df": 19.126622085781545,
          "Df_alpha": 7.125239239503452,
          "alpha_dev": 0.1274700672420222,
          "c1_dev": 0.3421740269253368
        }
      },
      "comparisons": {
        "Honesty_R": {
          "d": 0.7447760051721471,
          "p": 9.454764440462676e-07,
          "sig": true
        },
        "Honesty_alpha_dev": {
          "d": 0.013725972426457473,
          "p": 0.94837320693019,
          "sig": false
        },
        "Honesty_c1_dev": {
          "d": 0.05805991023078306,
          "p": 0.6680580440501828,
          "sig": false
        },
        "Safety_R": {
          "d": 3.228098334845947,
          "p": 1.1423690450516021e-33,
          "sig": true
        },
        "Safety_alpha_dev": {
          "d": -0.08288121082824085,
          "p": 0.9561573849567815,
          "sig": false
        },
        "Safety_c1_dev": {
          "d": 0.03540008085407913,
          "p": 0.8402454078213364,
          "sig": false
        }
      }
    },
    "all-mpnet-base-v2": {
      "sets": {
        "Honesty-Consistent": {
          "R": 4.286227816535918,
          "E": 0.49280089139938354,
          "sigma": 0.11497309803962708,
          "alpha": 0.5627162497315662,
          "c_1": 0.8885472922427886,
          "Df": 14.564472656726856,
          "Df_alpha": 8.195665432711277,
          "alpha_dev": 0.0627162497315662,
          "c1_dev": 0.11145270775721139
        },
        "Honesty-Contradictory": {
          "R": 4.1093828748791905,
          "E": 0.467860609292984,
          "sigma": 0.11385179311037064,
          "alpha": 0.6081112365507798,
          "c_1": 0.8222179922805093,
          "Df": 15.031655143050784,
          "Df_alpha": 9.140918396445501,
          "alpha_dev": 0.10811123655077981,
          "c1_dev": 0.1777820077194907
        },
        "Safety-Consistent": {
          "R": 3.525880085266406,
          "E": 0.48704224824905396,
          "sigma": 0.13813352584838867,
          "alpha": 0.7323614112037137,
          "c_1": 0.6827230276622535,
          "Df": 12.527124951441117,
          "Df_alpha": 9.17438290776267,
          "alpha_dev": 0.23236141120371367,
          "c1_dev": 0.31727697233774654
        },
        "Safety-Contradictory": {
          "R": 2.4001597877244674,
          "E": 0.3461259603500366,
          "sigma": 0.14420954883098602,
          "alpha": 0.6348764202347346,
          "c_1": 0.7875548438468287,
          "Df": 13.824781573960102,
          "Df_alpha": 8.777027836202908,
          "alpha_dev": 0.13487642023473456,
          "c1_dev": 0.21244515615317128
        },
        "Random": {
          "R": 1.4341354974564373,
          "E": 0.15739618241786957,
          "sigma": 0.10974986851215363,
          "alpha": 0.4371628466599671,
          "c_1": 1.1437385491931082,
          "Df": 18.06038298277497,
          "Df_alpha": 7.895328436519134,
          "alpha_dev": 0.06283715334003293,
          "c1_dev": 0.14373854919310824
        }
      },
      "comparisons": {
        "Honesty_R": {
          "d": 0.7010240077714958,
          "p": 6.3567922963426425e-06,
          "sig": true
        },
        "Honesty_alpha_dev": {
          "d": -0.22749059178291858,
          "p": 0.08212782168130499,
          "sig": false
        },
        "Honesty_c1_dev": {
          "d": 0.2103201611333669,
          "p": 0.2472949797638222,
          "sig": false
        },
        "Safety_R": {
          "d": 3.717754696313355,
          "p": 4.529593338305166e-34,
          "sig": true
        },
        "Safety_alpha_dev": {
          "d": 1.06177133015383,
          "p": 6.116128129976825e-12,
          "sig": true
        },
        "Safety_c1_dev": {
          "d": 0.9894372683835904,
          "p": 9.830554673606346e-10,
          "sig": true
        }
      }
    },
    "paraphrase-MiniLM-L6-v2": {
      "sets": {
        "Honesty-Consistent": {
          "R": 3.276255944455563,
          "E": 0.48945021629333496,
          "sigma": 0.14939315617084503,
          "alpha": 0.6842540474658787,
          "c_1": 0.7307227510772353,
          "Df": 12.554082013958837,
          "Df_alpha": 8.590181430269924,
          "alpha_dev": 0.1842540474658787,
          "c1_dev": 0.2692772489227647
        },
        "Honesty-Contradictory": {
          "R": 2.2489867643175097,
          "E": 0.3743487596511841,
          "sigma": 0.16645218431949615,
          "alpha": 0.6942928925087687,
          "c_1": 0.7201571633454179,
          "Df": 13.550103706486114,
          "Df_alpha": 9.407740696170032,
          "alpha_dev": 0.1942928925087687,
          "c1_dev": 0.2798428366545821
        },
        "Safety-Consistent": {
          "R": 2.6922465111033618,
          "E": 0.43984711170196533,
          "sigma": 0.16337549686431885,
          "alpha": 0.6973842257330287,
          "c_1": 0.7169648832742728,
          "Df": 13.030409159988027,
          "Df_alpha": 9.087201803022815,
          "alpha_dev": 0.19738422573302872,
          "c1_dev": 0.28303511672572723
        },
        "Safety-Contradictory": {
          "R": 1.928664185100267,
          "E": 0.28139370679855347,
          "sigma": 0.14590083062648773,
          "alpha": 0.6165781187969651,
          "c_1": 0.8109272527795404,
          "Df": 14.155783830602164,
          "Df_alpha": 8.72814656436918,
          "alpha_dev": 0.11657811879696511,
          "c1_dev": 0.18907274722045964
        },
        "Random": {
          "R": 0.8280969824681458,
          "E": 0.100257508456707,
          "sigma": 0.1210697665810585,
          "alpha": 0.438737660510229,
          "c_1": 1.1396331908651882,
          "Df": 17.608176419214963,
          "Df_alpha": 7.7253701280177545,
          "alpha_dev": 0.061262339489771,
          "c1_dev": 0.13963319086518822
        }
      },
      "comparisons": {
        "Honesty_R": {
          "d": 2.4256476850025686,