{
  "test_id": "q40-code-distance-alpha-drift",
  "timestamp": "2026-01-17T15:30:53.260095+00:00",
  "parameters": {
    "n_samples": 100,
    "max_errors": 10,
    "n_trials": 5,
    "dim": 384,
    "n_random_seeds": 5
  },
  "semantic_baseline": {
    "alpha": 0.5861045162853924,
    "Df": 49.71938475839742,
    "DfAlpha": 29.14075595382783
  },
  "error_types": {
    "gaussian_noise": {
      "semantic_drifts": [
        0.0,
        0.3012065890099552,
        0.3292318299138487,
        0.33148379856628873,
        0.32604038891199755,
        0.33433942089325436,
        0.3201862814646672,
        0.326591972852906,
        0.32458846795701646,
        0.32762716280128223,
        0.3338083234206025
      ],
      "random_drifts": [
        0.0,
        0.003336288984481356,
        0.0046216680181154655,
        0.006292564946136276,
        0.004810828395022232,
        0.005500127574281527,
        0.0058669379981299615,
        0.0037116110023892425,
        0.007896240808607357,
        0.004229942291251371,
        0.005192036802569161
      ],
      "semantic_mean_drift": 0.3255104235791819,
      "random_mean_drift": 0.0051458246820983945,
      "cohens_d": 4.177947921244745,
      "is_significant": true
    },
    "random_direction": {
      "semantic_drifts": [
        0.0,
        0.015582423733612738,
        0.03525372217384115,
        0.04127411888973176,
        0.061828664116107546,
        0.07515603526917547,
        0.0800728975950965,
        0.10169396654018809,
        0.10744026000379658,
        0.11251212061323568,
        0.1284006544550803
      ],
      "random_drifts": [
        0.0,
        0.0022385053129406695,
        0.0025477247182628835,
        0.002126907606357481,
        0.003830599930473344,
        0.002870414718855058,
        0.00642638200050275,
        0.004728647705872774,
        0.004803421043804495,
        0.005202936224926441,
        0.002535902840145138
      ],
      "semantic_mean_drift": 0.07592148633898659,
      "random_mean_drift": 0.003731144210214104,
      "cohens_d": 2.2038812070725267,
      "is_significant": true
    }
  },
  "verdict": {
    "significant_error_types": 2,
    "total_error_types": 2,
    "alpha_near_05": true,
    "overall_pass": "True",
    "interpretation": "PASS: Semantic embeddings have protected structure (alpha=0.586). Errors cause 2/2 error types to show significantly larger alpha drift in semantic than random. This is the QECC signature: protected structure that errors corrupt."
  }
}