{
  "test_id": "q40-code-distance-alpha-drift",
  "timestamp": "2026-01-17T13:42:27.699858+00:00",
  "parameters": {
    "n_samples": 50,
    "max_errors": 8,
    "n_trials": 5,
    "dim": 384,
    "n_random_seeds": 5
  },
  "semantic_baseline": {
    "alpha": 0.5341476160287474,
    "Df": 22.31423388124393,
    "DfAlpha": 11.919094831174348
  },
  "error_types": {
    "gaussian_noise": {
      "semantic_drifts": [
        0.0,
        0.2868448805925641,
        0.3481821014104414,
        0.3241226988293588,
        0.3366407506546463,
        0.3337035845406795,
        0.32981269211414976,
        0.33012114231675804,
        0.3462260924953968
      ],
      "random_drifts": [
        0.0,
        0.009842642348715087,
        0.014670960085718516,
        0.007978294032396199,
        0.00991533484182099,
        0.005058349316436566,
        0.012513222034776672,
        0.01028284481129188,
        0.013172754526289932
      ],
      "semantic_mean_drift": 0.3294567428692493,
      "random_mean_drift": 0.01042930024968073,
      "cohens_d": 3.6016528859032704,
      "is_significant": true
    },
    "random_direction": {
      "semantic_drifts": [
        0.0,
        0.006772240797871976,
        0.009553041036818866,
        0.014176034329599907,
        0.02933983222675729,
        0.038103491477357865,
        0.055679292154439675,
        0.05525783659128497,
        0.06873566999109221
      ],
      "random_drifts": [
        0.0,
        0.004969996149810157,
        0.0049106488042939215,
        0.0035477994333253495,
        0.0029368460947459653,
        0.007489641146763909,
        0.0056729811261686525,
        0.011120545465922333,
        0.008667211841818673
      ],
      "semantic_mean_drift": 0.034702179825652844,
      "random_mean_drift": 0.00616445875785612,
      "cohens_d": 1.427511196772905,
      "is_significant": true
    }
  },
  "verdict": {
    "significant_error_types": 2,
    "total_error_types": 2,
    "alpha_near_05": true,
    "overall_pass": "True",
    "interpretation": "PASS: Semantic embeddings have protected structure (alpha=0.534). Errors cause 2/2 error types to show significantly larger alpha drift in semantic than random. This is the QECC signature: protected structure that errors corrupt."
  }
}