{
  "test_id": "q40-cross-model-cascade",
  "timestamp": "2026-01-17T15:47:18.714543+00:00",
  "parameters": {
    "model_names": [
      "all-MiniLM-L6-v2",
      "paraphrase-MiniLM-L6-v2",
      "all-MiniLM-L12-v2"
    ],
    "n_trials": 15,
    "n_anchors": 32
  },
  "error_types": {
    "semantic": {
      "growths": [
        5.411684871810563,
        6.541403677938729,
        6.418503654271465,
        6.770037783668394,
        6.311448095007968,
        6.504802877627424,
        5.3594030748065515,
        6.8797728289897,
        5.322782675342326,
        6.763051576459267,
        5.697625364374883,
        7.803717310904062,
        5.631488746785478,
        7.312114631550794,
        6.046882719306202
      ],
      "mean_growth": 6.318314659256254,
      "std_growth": 0.7150293335642465
    },
    "random": {
      "growths": [
        6.378659097273736,
        7.171024890811635,
        5.461812474135829,
        7.83794937401837,
        6.0796832564469545,
        7.978812166544044,
        8.152532417964439,
        5.811382088280457,
        6.8754213964287585,
        6.568738729253396,
        6.729171774207149,
        6.557914792588334,
        7.136681562606471,
        6.500852439891738,
        5.876748831644048
      ],
      "mean_growth": 6.741159019473023,
      "std_growth": 0.7756515809442234
    }
  },
  "cross_model_detection": {
    "single_model_misses": 15,
    "cross_model_catches": 0,
    "detection_rate": 0.0
  },
  "verdict": {
    "semantic_suppression": 