{
  "test_id": "q40-alpha-threshold",
  "timestamp": "2026-01-17T15:46:05.637226+00:00",
  "parameters": {
    "n_epsilon": 15,
    "n_trials": 50,
    "dim": 384,
    "n_random_seeds": 3
  },
  "semantic_baseline": {
    "alpha": 0.5051993488198588,
    "Df": 30.717186330654272,
    "DfAlpha": 15.518302531824807
  },
  "epsilon_range": [
    0.005011872336272725,
    0.006963974029624322,
    0.009676410537094535,
    0.013445328842997616,
    0.018682223847710375,
    0.025958865861263947,
    0.036069727153262926,
    0.05011872336272725,
    0.06963974029624322,
    0.09676410537094536,
    0.1344532884299761,
    0.18682223847710377,
    0.25958865861263947,
    0.3606972715326291,
    0.5011872336272722
  ],
  "semantic": {
    "drifts": [
      0.003382312582493959,
      0.00533452892609478,
      0.008572231716915716,
      0.023160337330949927,
      0.03975560288530202,
      0.07556399045764589,
      0.11588687284513403,
      0.18247177842924792,
      0.2405235930095532,
      0.26916688320855914,
      0.3009066341336483,
      0.31074578310596823,
      0.2976070818555157,
      0.3048673531419866,
      0.3033579491280386
    ],
    "threshold_epsilon": 0.05011872336272725,
    "max_drift": 0.31074578310596823
  },
  "random": {
    "thresholds": [
      0.5011872336272722,
      0.5011872336272722,
      0.5011872336272722
    ],
    "mean_threshold": 0.5011872336272722
  },
  "verdict": {
    "alpha_near_05": true,
    "has_threshold": true,
    "more_drift_than_random": true,
    "lower_threshold_than_random": true,
    "overall_pass": true,
    "interpretation": "PASS: Alpha conservation threshold at 5.0%. Semantic alpha=0.505 (near 0.5). Max drift=0.311. Structure protected below threshold, damaged above."
  }
}