{
  "32": 0.7131771817803383,
  "64": 0.752036526799202,
  "128": 0.7843855048219363,
  "256": 0.8022846827904383
}