{
  "transfer_ada_cos": 0.7148638367652893,
  "transfer_pca_cos": 0.6891340017318726,
  "native_ada_cos": 0.8675419688224792,
  "native_pca_cos": 0.8518296480178833
}