{
  "9": {
    "avg_pca": 0.6901928683122,
    "avg_ada": 0.757379966477553
  },
  "6": {
    "avg_pca": 0.6456819102168083,
    "avg_ada": 0.734553669889768
  },
  "3": {
    "avg_pca": 0.5875294481714567,
    "avg_ada": 0.6874195709824562
  },
  "1": {
    "avg_pca": 0.526962465296189,
    "avg_ada": 0.64902896185716
  }
}