{
  "test_name": "Q39_CATASTROPHIC_BOUNDARY",
  "seed": 42,
  "boundary_search": {
    "boundary": 1.9999999946583984,
    "sigmoid_k": 19.999999998466624,
    "sigmoid_r_squared": 0.9768515146654344,
    "sharpness": 0.9266666666610479,
    "magnitudes": [
      0.5,
      0.5612244897959183,
      0.6224489795918368,
      0.6836734693877551,
      0.7448979591836735,
      0.8061224489795918,
      0.8673469387755102,
      0.9285714285714286,
      0.9897959183673469,
      1.0510204081632653,
      1.1122448979591837,
      1.1734693877551021,
      1.2346938775510203,
      1.2959183673469388,
      1.3571428571428572,
      1.4183673469387754,
      1.4795918367346939,
      1.5408163265306123,
      1.6020408163265305,
      1.663265306122449,
      1.7244897959183674,
      1.7857142857142856,
      1.846938775510204,
      1.9081632653061225,
      1.9693877551020407,
      2.0306122448979593,
      2.0918367346938775,
      2.1530612244897958,
      2.2142857142857144,
      2.2755102040816326,
      2.336734693877551,
      2.3979591836734695,
      2.4591836734693877,
      2.520408163265306,
      2.5816326530612246,
      2.642857142857143,
      2.704081632653061,
      2.7653061224489797,
      2.826530612244898,
      2.887755102040816,
      2.9489795918367347,
      3.010204081632653,
      3.071428571428571,
      3.13265306122449,
      3.193877551020408,
      3.2551020408163263,
      3.316326530612245,
      3.377551020408163,
      3.4387755102040813,
      3.5
    ],
    "recovery_rates": [
      1.0,
      1.0,
      1.0,
      1.0,
      1.0,
      1.0,
      1.0,
      1.0,
      1.0,
      1.0,
      1.0,
      1.0,
      1.0,
      1.0,
      1.0,
      1.0,
      1.0,
      1.0,
      1.0,
      1.0,
      1.0,
      1.0,
      1.0,
      1.0,
      1.0,
      0.0,
      0.0,
      0.0,
      0.0,
      0.0,
      0.0,
      0.0,
      0.0,
      0.0,
      0.0,
      0.0,
      0.0,
      0.0,
      0.0,
      0.0,
      0.0,
      0.0,
      0.0,
      0.0,
      0.0,
      0.0,
      0.0,
      0.0,
      0.0,
      0.0
    ],
    "is_sharp": "True",
    "is_phase_transition": "True",
    "transition_type": "PHASE_TRANSITION",
    "fit_successful": true
  },
  "recovery_tests": [
    {
      "magnitude": 0.5,
      "recovered": true,
      "collapsed": false,
      "M_final": 0.48366148475788817
    },
    {
      "magnitude": 1.0,
      "recovered": true,
      "collapsed": false,
      "M_final": 0.4784767070131562
    },
    {
      "magnitude": 1.5,
      "recovered": true,
      "collapsed": false,
      "M_final": 0.47329192926842406
    },
    {
      "magnitude": 1.8,
      "recovered": true,
      "collapsed": false,
      "M_final": 0.47018106262158477
    },
    {
      "magnitude": 2.0,
      "recovered": true,
      "collapsed": false,
      "M_final": 0.4681071515236919
    },
    {
      "magnitude": 2.2,
      "recovered": false,
      "collapsed": true,
      "M_final": -16.599999999999966
    },
    {
      "magnitude": 2.5,
      "recovered": false,
      "collapsed": true,
      "M_final": -16.89999999999997
    },
    {
      "magnitude": 3.0,
      "recovered": false,
      "collapsed": true,
      "M_final": -17.399999999999977
    }
  ],
  "summary": {
    "boundary": 1.9999999946583984,
    "sharpness": 0.9266666666610479,
    "sigmoid_k": 19.999999998466624,
    "sigmoid_r_squared": 0.9768515146654344,
    "n_recovered": 5,
    "n_collapsed": 3,
    "expected_boundary": 2.0,
    "PASS": true
  }
}