{
  "features": [
    {
      "decoded": {
        "change_to_dirty_delta": {
          "abs": 101.1385188738692,
          "imag": 25.000000000000014,
          "real": 97.99999999999999,
          "responses": [
            322.0,
            224.0,
            126.0,
            174.0
          ]
        },
        "duration_delta_ns": {
          "abs": 12676.791332983279,
          "imag": 2917.499999999999,
          "real": 12336.5,
          "responses": [
            15036.0,
            -2452.0,
            -9637.0,
            -8287.0
          ]
        },
        "probe_dirty_delta": {
          "abs": 179.69488028321797,
          "imag": -28.000000000000057,
          "real": 177.50000000000009,
          "responses": [
            -750.0,
            -909.0,
            -1105.0,
            -853.0
          ]
        }
      },
      "group_id": "g7c19r0",
      "replicate_index": 0,
      "restoration_passed": true
    },
    {
      "decoded": {
        "change_to_dirty_delta": {
          "abs": 118.70130580579136,
          "imag": -109.0,
          "real": 46.99999999999997,
          "responses": [
            190.0,
            103.0,
            96.0,
            321.0
          ]
        },
        "duration_delta_ns": {
          "abs": 6779.939693684598,
          "imag": -5410.0,
          "real": 4086.4999999999995,
          "responses": [
            2050.0,
            -4993.0,
            -6123.0,
            5827.0
          ]
        },
        "probe_dirty_delta": {
          "abs": 166.87869846088807,
          "imag": 118.49999999999994,
          "real": 117.50000000000009,
          "responses": [
            -738.0,
            -677.0,
            -973.0,
            -914.0
          ]
        }
      },
      "group_id": "g2f80r0",
      "replicate_index": 0,
      "restoration_passed": true
    },
    {
      "decoded": {
        "change_to_dirty_delta": {
          "abs": 27.54087870784083,
          "imag": 1.500000000000007,
          "real": -27.500000000000007,
          "responses": [
            106.0,
            94.0,
            161.0,
            91.0
          ]
        },
        "duration_delta_ns": {
          "abs": 2295.629815540825,
          "imag": -1368.0,
          "real": 1843.5000000000002,
          "responses": [
            -1453.0,
            -10715.0,
            -5140.0,
            -7979.0
          ]
        },
        "probe_dirty_delta": {
          "abs": 190.02236710450697,
          "imag": -77.5,
          "real": 173.50000000000003,
          "responses": [
            -580.0,
            -1047.0,
            -927.0,
            -892.0
          ]
        }
      },
      "group_id": "g9a04r0",
      "replicate_index": 0,
      "restoration_passed": true
    },
    {
      "decoded": {
        "change_to_dirty_delta": {
          "abs": 1.5,
          "imag": -1.5,
          "real": 7.499414193186067e-16,
          "responses": [
            5.0,
            -16.0,
            5.0,
            -13.0
          ]
        },
        "duration_delta_ns": {
          "abs": 8338.804245813664,
          "imag": -1880.4999999999982,
          "real": -8123.999999999999,
          "responses": [
            4148.0,
            -24656.0,
            20396.0,
            -20895.0
          ]
        },
        "probe_dirty_delta": {
          "abs": 1048.0917183147662,
          "imag": -97.99999999999977,
          "real": -1043.4999999999998,
          "responses": [
            27.0,
            -2214.0,
            2114.0,
            -2018.0
          ]
        }
      },
      "group_id": "g41der0",
      "replicate_index": 0,
      "restoration_passed": true
    },
    {
      "decoded": {
        "change_to_dirty_delta": {
          "abs": 19.474342094150437,
          "imag": -16.999999999999993,
          "real": 9.49999999999999,
          "responses": [
            175.0,
            89.0,
            156.0,
            123.0
          ]
        },
        "duration_delta_ns": {
          "abs": 2265.043321881504,
          "imag": -2196.5,
          "real": -553.0000000000001,
          "responses": [
            -5423.0,
            -8308.0,
            -4317.0,
            -3915.0
          ]
        },
        "probe_dirty_delta": {
          "abs": 381.58681843061606,
          "imag": -197.5,
          "real": -326.49999999999994,
          "responses": [
            -1408.0,
            -1089.0,
            -755.0,
            -694.0
          ]
        }
      },
      "group_id": "gc633r0",
      "replicate_index": 0,
      "restoration_passed": true
    },
    {
      "decoded": {
        "change_to_dirty_delta": {
          "abs": 33.55964838909967,
          "imag": 30.5,
          "real": 13.999999999999998,
          "responses": [
            108.0,
            154.0,
            80.0,
            93.0
          ]
        },
        "duration_delta_ns": {
          "abs": 3003.6406243091074,
          "imag": -2519.000000000001,
          "real": 1636.0000000000002,
          "responses": [
            -5295.0,
            -11515.0,
            -8567.0,
            -6477.0
          ]
        },
        "probe_dirty_delta": {
          "abs": 237.04693628056032,
          "imag": -109.00000000000006,
          "real": 210.50000000000003,
          "responses": [
            -676.0,
            -1002.0,
            -1097.0,
            -784.0
          ]
        }
      },
      "group_id": "g0b72r0",
      "replicate_index": 0,
      "restoration_passed": true
    },
    {
      "decoded": {
        "change_to_dirty_delta": {
          "abs": 100.2920734654539,
          "imag": -97.5,
          "real": -23.500000000000025,
          "responses": [
            37.0,
            109.0,
            84.0,
            304.0
          ]
        },
        "duration_delta_ns": {
          "abs": 13099.668707642953,
          "imag": -12820.5,
          "real": -2690.0000000000014,
          "responses": [
            -8908.0,
            -8491.0,
            -3528.0,
            17150.0
          ]
        },
        "probe_dirty_delta": {
          "abs": 195.13713126926925,
          "imag": -191.50000000000006,
          "real": -37.5,
          "responses": [
            -859.0,
            -978.0,
            -784.0,
            -595.0
          ]
        }
      },
      "group_id": "gde58r0",
      "replicate_index": 0,
      "restoration_passed": true
    },
    {
      "decoded": {
        "change_to_dirty_delta": {
          "abs": 161.01707983937604,
          "imag": -104.49999999999999,
          "real": -122.50000000000001,
          "responses": [
            -48.0,
            6.0,
            197.0,
            215.0
          ]
        },
        "duration_delta_ns": {
          "abs": 1185.6348510397283,
          "imag": 1182.9999999999995,
          "real": -78.9999999999992,
          "responses": [
            -7297.0,
            -6261.0,
            -7139.0,
            -8627.0
          ]
        },
        "probe_dirty_delta": {
          "abs": 415.8368069327197,
          "imag": 379.49999999999994,
          "real": 170.0000000000001,
          "responses": [
            -941.0,
            -606.0,
            -1281.0,
            -1365.0
          ]
        }
      },
      "group_id": "g6f31r0",
      "replicate_index": 0,
      "restoration_passed": true
    },
    {
      "decoded": {
        "change_to_dirty_delta": {
          "abs": 35.41539213392957,
          "imag": -17.999999999999993,
          "real": -30.50000000000001,
          "responses": [
            113.0,
            94.0,
            174.0,
            130.0
          ]
        },
        "duration_delta_ns": {
          "abs": 3697.4846179531296,
          "imag": -3436.5,
          "real": -1364.5,
          "responses": [
            -9165.0,
            -16274.0,
            -6436.0,
            -9401.0
          ]
        },